{
"type": "FeatureCollection",
"name": "bus_stops_inglewood",
"crs": { "type": "name", "properties": { "name": "urn:ogc:def:crs:OGC:1.3:CRS84" } },
"features": [
{ "type": "Feature", "properties": { "id": "371", "STOPNUM": 617, "STOPNAME": "Centinela / Edgewood", "LAT": 33.975842, "LONG": -118.354594, "LINE_DIR1": "110-E", "LINE_DIR2": null, "LINE_DIR3": 0, "LINE_DIR4": 0, "LINE_DIR5": 0, "LINE_DIR6": 0, "LINE_DIR7": 0, "LINE_DIR8": 0, "LINE_DIR9": 0, "LINE_DIR10": 0, "LINE_DIR11": 0, "LINE_DIR12": 0, "LINE_DIR13": 0, "LINE_DIR14": 0, "layer_id": "bus_stops", "feature_name": "Bus Stop" }, "geometry": { "type": "Point", "coordinates": [ -118.354594, 33.975842 ] } },
{ "type": "Feature", "properties": { "id": "375", "STOPNUM": 622, "STOPNAME": "Centinela / Beach", "LAT": 33.97692, "LONG": -118.36702, "LINE_DIR1": "110-E", "LINE_DIR2": null, "LINE_DIR3": 0, "LINE_DIR4": 0, "LINE_DIR5": 0, "LINE_DIR6": 0, "LINE_DIR7": 0, "LINE_DIR8": 0, "LINE_DIR9": 0, "LINE_DIR10": 0, "LINE_DIR11": 0, "LINE_DIR12": 0, "LINE_DIR13": 0, "LINE_DIR14": 0, "layer_id": "bus_stops", "feature_name": "Bus Stop" }, "geometry": { "type": "Point", "coordinates": [ -118.36702, 33.97692 ] } },
{ "type": "Feature", "properties": { "id": "376", "STOPNUM": 623, "STOPNAME": "Centinela / Inglewood", "LAT": 33.976453, "LONG": -118.36149, "LINE_DIR1": "110-E", "LINE_DIR2": null, "LINE_DIR3": 0, "LINE_DIR4": 0, "LINE_DIR5": 0, "LINE_DIR6": 0, "LINE_DIR7": 0, "LINE_DIR8": 0, "LINE_DIR9": 0, "LINE_DIR10": 0, "LINE_DIR11": 0, "LINE_DIR12": 0, "LINE_DIR13": 0, "LINE_DIR14": 0, "layer_id": "bus_stops", "feature_name": "Bus Stop" }, "geometry": { "type": "Point", "coordinates": [ -118.36149, 33.976453 ] } },
{ "type": "Feature", "properties": { "id": "377", "STOPNUM": 624, "STOPNAME": "La Brea / Centinela", "LAT": 33.976061, "LONG": -118.357448, "LINE_DIR1": "212-N", "LINE_DIR2": null, "LINE_DIR3": 0, "LINE_DIR4": 0, "LINE_DIR5": 0, "LINE_DIR6": 0, "LINE_DIR7": 0, "LINE_DIR8": 0, "LINE_DIR9": 0, "LINE_DIR10": 0, "LINE_DIR11": 0, "LINE_DIR12": 0, "LINE_DIR13": 0, "LINE_DIR14": 0, "layer_id": "bus_stops", "feature_name": "Bus Stop" }, "geometry": { "type": "Point", "coordinates": [ -118.357448, 33.976061 ] } },
{ "type": "Feature", "properties": { "id": "384", "STOPNUM": 637, "STOPNAME": "Century / Inglewood", "LAT": 33.945321, "LONG": -118.360996, "LINE_DIR1": "117-E", "LINE_DIR2": null, "LINE_DIR3": 0, "LINE_DIR4": 0, "LINE_DIR5": 0, "LINE_DIR6": 0, "LINE_DIR7": 0, "LINE_DIR8": 0, "LINE_DIR9": 0, "LINE_DIR10": 0, "LINE_DIR11": 0, "LINE_DIR12": 0, "LINE_DIR13": 0, "LINE_DIR14": 0, "layer_id": "bus_stops", "feature_name": "Bus Stop" }, "geometry": { "type": "Point", "coordinates": [ -118.360996, 33.945321 ] } },
{ "type": "Feature", "properties": { "id": "535", "STOPNUM": 880, "STOPNAME": "Crenshaw / 104th", "LAT": 33.942125, "LONG": -118.326321, "LINE_DIR1": "210-N", "LINE_DIR2": null, "LINE_DIR3": 0, "LINE_DIR4": 0, "LINE_DIR5": 0, "LINE_DIR6": 0, "LINE_DIR7": 0, "LINE_DIR8": 0, "LINE_DIR9": 0, "LINE_DIR10": 0, "LINE_DIR11": 0, "LINE_DIR12": 0, "LINE_DIR13": 0, "LINE_DIR14": 0, "layer_id": "bus_stops", "feature_name": "Bus Stop" }, "geometry": { "type": "Point", "coordinates": [ -118.326321, 33.942125 ] } },
{ "type": "Feature", "properties": { "id": "740", "STOPNUM": 1280, "STOPNAME": "Arbor Vitae / Grevillea", "LAT": 33.952607, "LONG": -118.355122, "LINE_DIR1": "111-E", "LINE_DIR2": null, "LINE_DIR3": 0, "LINE_DIR4": 0, "LINE_DIR5": 0, "LINE_DIR6": 0, "LINE_DIR7": 0, "LINE_DIR8": 0, "LINE_DIR9": 0, "LINE_DIR10": 0, "LINE_DIR11": 0, "LINE_DIR12": 0, "LINE_DIR13": 0, "LINE_DIR14": 0, "layer_id": "bus_stops", "feature_name": "Bus Stop" }, "geometry": { "type": "Point", "coordinates": [ -118.355122, 33.952607 ] } },
{ "type": "Feature", "properties": { "id": "815", "STOPNUM": 1411, "STOPNAME": "Florence / Centinela", "LAT": 33.969567, "LONG": -118.347312, "LINE_DIR1": "40-N", "LINE_DIR2": "111-E", "LINE_DIR3": 0, "LINE_DIR4": 0, "LINE_DIR5": 0, "LINE_DIR6": 0, "LINE_DIR7": 0, "LINE_DIR8": 0, "LINE_DIR9": 0, "LINE_DIR10": 0, "LINE_DIR11": 0, "LINE_DIR12": 0, "LINE_DIR13": 0, "LINE_DIR14": 0, "layer_id": "bus_stops", "feature_name": "Bus Stop" }, "geometry": { "type": "Point", "coordinates": [ -118.347312, 33.969567 ] } },
{ "type": "Feature", "properties": { "id": "823", "STOPNUM": 1422, "STOPNAME": "Florence / Hillcrest", "LAT": 33.968814, "LONG": -118.348925, "LINE_DIR1": "40-N", "LINE_DIR2": "111-E", "LINE_DIR3": 0, "LINE_DIR4": 0, "LINE_DIR5": 0, "LINE_DIR6": 0, "LINE_DIR7": 0, "LINE_DIR8": 0, "LINE_DIR9": 0, "LINE_DIR10": 0, "LINE_DIR11": 0, "LINE_DIR12": 0, "LINE_DIR13": 0, "LINE_DIR14": 0, "layer_id": "bus_stops", "feature_name": "Bus Stop" }, "geometry": { "type": "Point", "coordinates": [ -118.348925, 33.968814 ] } },
{ "type": "Feature", "properties": { "id": "824", "STOPNUM": 1423, "STOPNAME": "Florence / Market", "LAT": 33.966224, "LONG": -118.351757, "LINE_DIR1": "40-N", "LINE_DIR2": "212-S", "LINE_DIR3": 0, "LINE_DIR4": 0, "LINE_DIR5": 0, "LINE_DIR6": 0, "LINE_DIR7": 0, "LINE_DIR8": 0, "LINE_DIR9": 0, "LINE_DIR10": 0, "LINE_DIR11": 0, "LINE_DIR12": 0, "LINE_DIR13": 0, "LINE_DIR14": 0, "layer_id": "bus_stops", "feature_name": "Bus Stop" }, "geometry": { "type": "Point", "coordinates": [ -118.351757, 33.966224 ] } },
{ "type": "Feature", "properties": { "id": "825", "STOPNUM": 1424, "STOPNAME": "Florence / Prairie", "LAT": 33.971232, "LONG": -118.343826, "LINE_DIR1": "40-N", "LINE_DIR2": "111-E", "LINE_DIR3": 0, "LINE_DIR4": 0, "LINE_DIR5": 0, "LINE_DIR6": 0, "LINE_DIR7": 0, "LINE_DIR8": 0, "LINE_DIR9": 0, "LINE_DIR10": 0, "LINE_DIR11": 0, "LINE_DIR12": 0, "LINE_DIR13": 0, "LINE_DIR14": 0, "layer_id": "bus_stops", "feature_name": "Bus Stop" }, "geometry": { "type": "Point", "coordinates": [ -118.343826, 33.971232 ] } },
{ "type": "Feature", "properties": { "id": "862", "STOPNUM": 1494, "STOPNAME": "Hyde Park / Marlborough", "LAT": 33.976495, "LONG": -118.346414, "LINE_DIR1": "110-E", "LINE_DIR2": null, "LINE_DIR3": 0, "LINE_DIR4": 0, "LINE_DIR5": 0, "LINE_DIR6": 0, "LINE_DIR7": 0, "LINE_DIR8": 0, "LINE_DIR9": 0, "LINE_DIR10": 0, "LINE_DIR11": 0, "LINE_DIR12": 0, "LINE_DIR13": 0, "LINE_DIR14": 0, "layer_id": "bus_stops", "feature_name": "Bus Stop" }, "geometry": { "type": "Point", "coordinates": [ -118.346414, 33.976495 ] } },
{ "type": "Feature", "properties": { "id": "863", "STOPNUM": 1495, "STOPNAME": "Hyde Park / Gay", "LAT": 33.979067, "LONG": -118.340447, "LINE_DIR1": "110-E", "LINE_DIR2": null, "LINE_DIR3": 0, "LINE_DIR4": 0, "LINE_DIR5": 0, "LINE_DIR6": 0, "LINE_DIR7": 0, "LINE_DIR8": 0, "LINE_DIR9": 0, "LINE_DIR10": 0, "LINE_DIR11": 0, "LINE_DIR12": 0, "LINE_DIR13": 0, "LINE_DIR14": 0, "layer_id": "bus_stops", "feature_name": "Bus Stop" }, "geometry": { "type": "Point", "coordinates": [ -118.340447, 33.979067 ] } },
{ "type": "Feature", "properties": { "id": "864", "STOPNUM": 1496, "STOPNAME": "Hyde Park / Long", "LAT": 33.980113, "LONG": -118.338008, "LINE_DIR1": "110-E", "LINE_DIR2": null, "LINE_DIR3": 0, "LINE_DIR4": 0, "LINE_DIR5": 0, "LINE_DIR6": 0, "LINE_DIR7": 0, "LINE_DIR8": 0, "LINE_DIR9": 0, "LINE_DIR10": 0, "LINE_DIR11": 0, "LINE_DIR12": 0, "LINE_DIR13": 0, "LINE_DIR14": 0, "layer_id": "bus_stops", "feature_name": "Bus Stop" }, "geometry": { "type": "Point", "coordinates": [ -118.338008, 33.980113 ] } },
{ "type": "Feature", "properties": { "id": "865", "STOPNUM": 1497, "STOPNAME": "Hyde Park / Park", "LAT": 33.977338, "LONG": -118.344448, "LINE_DIR1": "110-E", "LINE_DIR2": null, "LINE_DIR3": 0, "LINE_DIR4": 0, "LINE_DIR5": 0, "LINE_DIR6": 0, "LINE_DIR7": 0, "LINE_DIR8": 0, "LINE_DIR9": 0, "LINE_DIR10": 0, "LINE_DIR11": 0, "LINE_DIR12": 0, "LINE_DIR13": 0, "LINE_DIR14": 0, "layer_id": "bus_stops", "feature_name": "Bus Stop" }, "geometry": { "type": "Point", "coordinates": [ -118.344448, 33.977338 ] } },
{ "type": "Feature", "properties": { "id": "866", "STOPNUM": 1498, "STOPNAME": "Hyde Park / Centinela", "LAT": 33.975865, "LONG": -118.352328, "LINE_DIR1": "110-E", "LINE_DIR2": null, "LINE_DIR3": 0, "LINE_DIR4": 0, "LINE_DIR5": 0, "LINE_DIR6": 0, "LINE_DIR7": 0, "LINE_DIR8": 0, "LINE_DIR9": 0, "LINE_DIR10": 0, "LINE_DIR11": 0, "LINE_DIR12": 0, "LINE_DIR13": 0, "LINE_DIR14": 0, "layer_id": "bus_stops", "feature_name": "Bus Stop" }, "geometry": { "type": "Point", "coordinates": [ -118.352328, 33.975865 ] } },
{ "type": "Feature", "properties": { "id": "876", "STOPNUM": 1520, "STOPNAME": "La Brea / Market", "LAT": 33.957338, "LONG": -118.352418, "LINE_DIR1": "40-N", "LINE_DIR2": "111-E", "LINE_DIR3": 0, "LINE_DIR4": 0, "LINE_DIR5": 0, "LINE_DIR6": 0, "LINE_DIR7": 0, "LINE_DIR8": 0, "LINE_DIR9": 0, "LINE_DIR10": 0, "LINE_DIR11": 0, "LINE_DIR12": 0, "LINE_DIR13": 0, "LINE_DIR14": 0, "layer_id": "bus_stops", "feature_name": "Bus Stop" }, "geometry": { "type": "Point", "coordinates": [ -118.352418, 33.957338 ] } },
{ "type": "Feature", "properties": { "id": "901", "STOPNUM": 1558, "STOPNAME": "Manchester / Grevillea", "LAT": 33.961632, "LONG": -118.354784, "LINE_DIR1": "115-E", "LINE_DIR2": "211-S", "LINE_DIR3": 0, "LINE_DIR4": 0, "LINE_DIR5": 0, "LINE_DIR6": 0, "LINE_DIR7": 0, "LINE_DIR8": 0, "LINE_DIR9": 0, "LINE_DIR10": 0, "LINE_DIR11": 0, "LINE_DIR12": 0, "LINE_DIR13": 0, "LINE_DIR14": 0, "layer_id": "bus_stops", "feature_name": "Bus Stop" }, "geometry": { "type": "Point", "coordinates": [ -118.354784, 33.961632 ] } },
{ "type": "Feature", "properties": { "id": "902", "STOPNUM": 1559, "STOPNAME": "Manchester / Hillcrest", "LAT": 33.961673, "LONG": -118.349083, "LINE_DIR1": "115-E", "LINE_DIR2": "212-S", "LINE_DIR3": 0, "LINE_DIR4": 0, "LINE_DIR5": 0, "LINE_DIR6": 0, "LINE_DIR7": 0, "LINE_DIR8": 0, "LINE_DIR9": 0, "LINE_DIR10": 0, "LINE_DIR11": 0, "LINE_DIR12": 0, "LINE_DIR13": 0, "LINE_DIR14": 0, "layer_id": "bus_stops", "feature_name": "Bus Stop" }, "geometry": { "type": "Point", "coordinates": [ -118.349083, 33.961673 ] } },
{ "type": "Feature", "properties": { "id": "905", "STOPNUM": 1562, "STOPNAME": "Manchester / Market", "LAT": 33.961924, "LONG": -118.351755, "LINE_DIR1": "115-W", "LINE_DIR2": "212-N", "LINE_DIR3": 0, "LINE_DIR4": 0, "LINE_DIR5": 0, "LINE_DIR6": 0, "LINE_DIR7": 0, "LINE_DIR8": 0, "LINE_DIR9": 0, "LINE_DIR10": 0, "LINE_DIR11": 0, "LINE_DIR12": 0, "LINE_DIR13": 0, "LINE_DIR14": 0, "layer_id": "bus_stops", "feature_name": "Bus Stop" }, "geometry": { "type": "Point", "coordinates": [ -118.351755, 33.961924 ] } },
{ "type": "Feature", "properties": { "id": "906", "STOPNUM": 1563, "STOPNAME": "Manchester / Market", "LAT": 33.961669, "LONG": -118.351615, "LINE_DIR1": "115-E", "LINE_DIR2": "212-S", "LINE_DIR3": 0, "LINE_DIR4": 0, "LINE_DIR5": 0, "LINE_DIR6": 0, "LINE_DIR7": 0, "LINE_DIR8": 0, "LINE_DIR9": 0, "LINE_DIR10": 0, "LINE_DIR11": 0, "LINE_DIR12": 0, "LINE_DIR13": 0, "LINE_DIR14": 0, "layer_id": "bus_stops", "feature_name": "Bus Stop" }, "geometry": { "type": "Point", "coordinates": [ -118.351615, 33.961669 ] } },
{ "type": "Feature", "properties": { "id": "907", "STOPNUM": 1564, "STOPNAME": "Manchester / Tamarack", "LAT": 33.959996, "LONG": -118.346576, "LINE_DIR1": "115-E", "LINE_DIR2": "212-S", "LINE_DIR3": 0, "LINE_DIR4": 0, "LINE_DIR5": 0, "LINE_DIR6": 0, "LINE_DIR7": 0, "LINE_DIR8": 0, "LINE_DIR9": 0, "LINE_DIR10": 0, "LINE_DIR11": 0, "LINE_DIR12": 0, "LINE_DIR13": 0, "LINE_DIR14": 0, "layer_id": "bus_stops", "feature_name": "Bus Stop" }, "geometry": { "type": "Point", "coordinates": [ -118.346576, 33.959996 ] } },
{ "type": "Feature", "properties": { "id": "1349", "STOPNUM": 2261, "STOPNAME": "Prairie / Grace", "LAT": 33.968293, "LONG": -118.344091, "LINE_DIR1": "211-S", "LINE_DIR2": null, "LINE_DIR3": 0, "LINE_DIR4": 0, "LINE_DIR5": 0, "LINE_DIR6": 0, "LINE_DIR7": 0, "LINE_DIR8": 0, "LINE_DIR9": 0, "LINE_DIR10": 0, "LINE_DIR11": 0, "LINE_DIR12": 0, "LINE_DIR13": 0, "LINE_DIR14": 0, "layer_id": "bus_stops", "feature_name": "Bus Stop" }, "geometry": { "type": "Point", "coordinates": [ -118.344091, 33.968293 ] } },
{ "type": "Feature", "properties": { "id": "1377", "STOPNUM": 2343, "STOPNAME": "La Brea / Regent", "LAT": 33.964598, "LONG": -118.353524, "LINE_DIR1": "40-S", "LINE_DIR2": "212-S", "LINE_DIR3": 0, "LINE_DIR4": 0, "LINE_DIR5": 0, "LINE_DIR6": 0, "LINE_DIR7": 0, "LINE_DIR8": 0, "LINE_DIR9": 0, "LINE_DIR10": 0, "LINE_DIR11": 0, "LINE_DIR12": 0, "LINE_DIR13": 0, "LINE_DIR14": 0, "layer_id": "bus_stops", "feature_name": "Bus Stop" }, "geometry": { "type": "Point", "coordinates": [ -118.353524, 33.964598 ] } },
{ "type": "Feature", "properties": { "id": "1535", "STOPNUM": 2593, "STOPNAME": "Hyde Park / Hyde Park", "LAT": 33.975898, "LONG": -118.348308, "LINE_DIR1": "110-E", "LINE_DIR2": null, "LINE_DIR3": 0, "LINE_DIR4": 0, "LINE_DIR5": 0, "LINE_DIR6": 0, "LINE_DIR7": 0, "LINE_DIR8": 0, "LINE_DIR9": 0, "LINE_DIR10": 0, "LINE_DIR11": 0, "LINE_DIR12": 0, "LINE_DIR13": 0, "LINE_DIR14": 0, "layer_id": "bus_stops", "feature_name": "Bus Stop" }, "geometry": { "type": "Point", "coordinates": [ -118.348308, 33.975898 ] } },
{ "type": "Feature", "properties": { "id": "1552", "STOPNUM": 2623, "STOPNAME": "Imperial / Doty", "LAT": 33.930839, "LONG": -118.339628, "LINE_DIR1": "120-E", "LINE_DIR2": null, "LINE_DIR3": 0, "LINE_DIR4": 0, "LINE_DIR5": 0, "LINE_DIR6": 0, "LINE_DIR7": 0, "LINE_DIR8": 0, "LINE_DIR9": 0, "LINE_DIR10": 0, "LINE_DIR11": 0, "LINE_DIR12": 0, "LINE_DIR13": 0, "LINE_DIR14": 0, "layer_id": "bus_stops", "feature_name": "Bus Stop" }, "geometry": { "type": "Point", "coordinates": [ -118.339628, 33.930839 ] } },
{ "type": "Feature", "properties": { "id": "1575", "STOPNUM": 2656, "STOPNAME": "Imperial / Prairie", "LAT": 33.930831, "LONG": -118.343564, "LINE_DIR1": "120-E", "LINE_DIR2": null, "LINE_DIR3": 0, "LINE_DIR4": 0, "LINE_DIR5": 0, "LINE_DIR6": 0, "LINE_DIR7": 0, "LINE_DIR8": 0, "LINE_DIR9": 0, "LINE_DIR10": 0, "LINE_DIR11": 0, "LINE_DIR12": 0, "LINE_DIR13": 0, "LINE_DIR14": 0, "layer_id": "bus_stops", "feature_name": "Bus Stop" }, "geometry": { "type": "Point", "coordinates": [ -118.343564, 33.930831 ] } },
{ "type": "Feature", "properties": { "id": "1637", "STOPNUM": 2767, "STOPNAME": "La Brea / Arbor Vitae", "LAT": 33.952975, "LONG": -118.352469, "LINE_DIR1": "111-E", "LINE_DIR2": "40-N", "LINE_DIR3": 0, "LINE_DIR4": 0, "LINE_DIR5": 0, "LINE_DIR6": 0, "LINE_DIR7": 0, "LINE_DIR8": 0, "LINE_DIR9": 0, "LINE_DIR10": 0, "LINE_DIR11": 0, "LINE_DIR12": 0, "LINE_DIR13": 0, "LINE_DIR14": 0, "layer_id": "bus_stops", "feature_name": "Bus Stop" }, "geometry": { "type": "Point", "coordinates": [ -118.352469, 33.952975 ] } },
{ "type": "Feature", "properties": { "id": "1757", "STOPNUM": 2961, "STOPNAME": "Prairie / 107th", "LAT": 33.938692, "LONG": -118.343748, "LINE_DIR1": "212-N", "LINE_DIR2": null, "LINE_DIR3": 0, "LINE_DIR4": 0, "LINE_DIR5": 0, "LINE_DIR6": 0, "LINE_DIR7": 0, "LINE_DIR8": 0, "LINE_DIR9": 0, "LINE_DIR10": 0, "LINE_DIR11": 0, "LINE_DIR12": 0, "LINE_DIR13": 0, "LINE_DIR14": 0, "layer_id": "bus_stops", "feature_name": "Bus Stop" }, "geometry": { "type": "Point", "coordinates": [ -118.343748, 33.938692 ] } },
{ "type": "Feature", "properties": { "id": "1854", "STOPNUM": 3100, "STOPNAME": "Downtown Inglewood Station", "LAT": 33.968274, "LONG": -118.350296, "LINE_DIR1": "40-S", "LINE_DIR2": "212-S", "LINE_DIR3": 0, "LINE_DIR4": 0, "LINE_DIR5": 0, "LINE_DIR6": 0, "LINE_DIR7": 0, "LINE_DIR8": 0, "LINE_DIR9": 0, "LINE_DIR10": 0, "LINE_DIR11": 0, "LINE_DIR12": 0, "LINE_DIR13": 0, "LINE_DIR14": 0, "layer_id": "bus_stops", "feature_name": "Bus Stop" }, "geometry": { "type": "Point", "coordinates": [ -118.350296, 33.968274 ] } },
{ "type": "Feature", "properties": { "id": "1869", "STOPNUM": 3128, "STOPNAME": "Manchester / Kareem", "LAT": 33.959855, "LONG": -118.34044, "LINE_DIR1": "115-E", "LINE_DIR2": null, "LINE_DIR3": 0, "LINE_DIR4": 0, "LINE_DIR5": 0, "LINE_DIR6": 0, "LINE_DIR7": 0, "LINE_DIR8": 0, "LINE_DIR9": 0, "LINE_DIR10": 0, "LINE_DIR11": 0, "LINE_DIR12": 0, "LINE_DIR13": 0, "LINE_DIR14": 0, "layer_id": "bus_stops", "feature_name": "Bus Stop" }, "geometry": { "type": "Point", "coordinates": [ -118.34044, 33.959855 ] } },
{ "type": "Feature", "properties": { "id": "1872", "STOPNUM": 3135, "STOPNAME": "Manchester / Crenshaw", "LAT": 33.959867, "LONG": -118.326727, "LINE_DIR1": "115-E", "LINE_DIR2": null, "LINE_DIR3": 0, "LINE_DIR4": 0, "LINE_DIR5": 0, "LINE_DIR6": 0, "LINE_DIR7": 0, "LINE_DIR8": 0, "LINE_DIR9": 0, "LINE_DIR10": 0, "LINE_DIR11": 0, "LINE_DIR12": 0, "LINE_DIR13": 0, "LINE_DIR14": 0, "layer_id": "bus_stops", "feature_name": "Bus Stop" }, "geometry": { "type": "Point", "coordinates": [ -118.326727, 33.959867 ] } },
{ "type": "Feature", "properties": { "id": "2170", "STOPNUM": 3638, "STOPNAME": "La Brea / Florence", "LAT": 33.965264, "LONG": -118.353227, "LINE_DIR1": "40-N", "LINE_DIR2": "212-N", "LINE_DIR3": 0, "LINE_DIR4": 0, "LINE_DIR5": 0, "LINE_DIR6": 0, "LINE_DIR7": 0, "LINE_DIR8": 0, "LINE_DIR9": 0, "LINE_DIR10": 0, "LINE_DIR11": 0, "LINE_DIR12": 0, "LINE_DIR13": 0, "LINE_DIR14": 0, "layer_id": "bus_stops", "feature_name": "Bus Stop" }, "geometry": { "type": "Point", "coordinates": [ -118.353227, 33.965264 ] } },
{ "type": "Feature", "properties": { "id": "2177", "STOPNUM": 3646, "STOPNAME": "La Brea / 64th", "LAT": 33.980892, "LONG": -118.358184, "LINE_DIR1": "212-N", "LINE_DIR2": null, "LINE_DIR3": 0, "LINE_DIR4": 0, "LINE_DIR5": 0, "LINE_DIR6": 0, "LINE_DIR7": 0, "LINE_DIR8": 0, "LINE_DIR9": 0, "LINE_DIR10": 0, "LINE_DIR11": 0, "LINE_DIR12": 0, "LINE_DIR13": 0, "LINE_DIR14": 0, "layer_id": "bus_stops", "feature_name": "Bus Stop" }, "geometry": { "type": "Point", "coordinates": [ -118.358184, 33.980892 ] } },
{ "type": "Feature", "properties": { "id": "2178", "STOPNUM": 3647, "STOPNAME": "La Brea / Beach", "LAT": 33.966659, "LONG": -118.353447, "LINE_DIR1": "212-N", "LINE_DIR2": null, "LINE_DIR3": 0, "LINE_DIR4": 0, "LINE_DIR5": 0, "LINE_DIR6": 0, "LINE_DIR7": 0, "LINE_DIR8": 0, "LINE_DIR9": 0, "LINE_DIR10": 0, "LINE_DIR11": 0, "LINE_DIR12": 0, "LINE_DIR13": 0, "LINE_DIR14": 0, "layer_id": "bus_stops", "feature_name": "Bus Stop" }, "geometry": { "type": "Point", "coordinates": [ -118.353447, 33.966659 ] } },
{ "type": "Feature", "properties": { "id": "2179", "STOPNUM": 3649, "STOPNAME": "La Brea / Hazel", "LAT": 33.968791, "LONG": -118.355418, "LINE_DIR1": "212-N", "LINE_DIR2": null, "LINE_DIR3": 0, "LINE_DIR4": 0, "LINE_DIR5": 0, "LINE_DIR6": 0, "LINE_DIR7": 0, "LINE_DIR8": 0, "LINE_DIR9": 0, "LINE_DIR10": 0, "LINE_DIR11": 0, "LINE_DIR12": 0, "LINE_DIR13": 0, "LINE_DIR14": 0, "layer_id": "bus_stops", "feature_name": "Bus Stop" }, "geometry": { "type": "Point", "coordinates": [ -118.355418, 33.968791 ] } },
{ "type": "Feature", "properties": { "id": "2180", "STOPNUM": 3650, "STOPNAME": "La Brea / Hyde Park", "LAT": 33.971585, "LONG": -118.35735, "LINE_DIR1": "212-N", "LINE_DIR2": null, "LINE_DIR3": 0, "LINE_DIR4": 0, "LINE_DIR5": 0, "LINE_DIR6": 0, "LINE_DIR7": 0, "LINE_DIR8": 0, "LINE_DIR9": 0, "LINE_DIR10": 0, "LINE_DIR11": 0, "LINE_DIR12": 0, "LINE_DIR13": 0, "LINE_DIR14": 0, "layer_id": "bus_stops", "feature_name": "Bus Stop" }, "geometry": { "type": "Point", "coordinates": [ -118.35735, 33.971585 ] } },
{ "type": "Feature", "properties": { "id": "2596", "STOPNUM": 4402, "STOPNAME": "Prairie / Arbor Vitae", "LAT": 33.953005, "LONG": -118.343777, "LINE_DIR1": "211-N", "LINE_DIR2": "212-N", "LINE_DIR3": 0, "LINE_DIR4": 0, "LINE_DIR5": 0, "LINE_DIR6": 0, "LINE_DIR7": 0, "LINE_DIR8": 0, "LINE_DIR9": 0, "LINE_DIR10": 0, "LINE_DIR11": 0, "LINE_DIR12": 0, "LINE_DIR13": 0, "LINE_DIR14": 0, "layer_id": "bus_stops", "feature_name": "Bus Stop" }, "geometry": { "type": "Point", "coordinates": [ -118.343777, 33.953005 ] } },
{ "type": "Feature", "properties": { "id": "2937", "STOPNUM": 4883, "STOPNAME": "Century / Prairie", "LAT": 33.945596, "LONG": -118.344248, "LINE_DIR1": "117-W", "LINE_DIR2": null, "LINE_DIR3": 0, "LINE_DIR4": 0, "LINE_DIR5": 0, "LINE_DIR6": 0, "LINE_DIR7": 0, "LINE_DIR8": 0, "LINE_DIR9": 0, "LINE_DIR10": 0, "LINE_DIR11": 0, "LINE_DIR12": 0, "LINE_DIR13": 0, "LINE_DIR14": 0, "layer_id": "bus_stops", "feature_name": "Bus Stop" }, "geometry": { "type": "Point", "coordinates": [ -118.344248, 33.945596 ] } },
{ "type": "Feature", "properties": { "id": "2956", "STOPNUM": 4910, "STOPNAME": "Crenshaw / Thoreau", "LAT": 33.934091, "LONG": -118.32633, "LINE_DIR1": "210-N", "LINE_DIR2": null, "LINE_DIR3": 0, "LINE_DIR4": 0, "LINE_DIR5": 0, "LINE_DIR6": 0, "LINE_DIR7": 0, "LINE_DIR8": 0, "LINE_DIR9": 0, "LINE_DIR10": 0, "LINE_DIR11": 0, "LINE_DIR12": 0, "LINE_DIR13": 0, "LINE_DIR14": 0, "layer_id": "bus_stops", "feature_name": "Bus Stop" }, "geometry": { "type": "Point", "coordinates": [ -118.32633, 33.934091 ] } },
{ "type": "Feature", "properties": { "id": "2957", "STOPNUM": 4911, "STOPNAME": "Crenshaw / 108th", "LAT": 33.938429, "LONG": -118.326333, "LINE_DIR1": "210-N", "LINE_DIR2": null, "LINE_DIR3": 0, "LINE_DIR4": 0, "LINE_DIR5": 0, "LINE_DIR6": 0, "LINE_DIR7": 0, "LINE_DIR8": 0, "LINE_DIR9": 0, "LINE_DIR10": 0, "LINE_DIR11": 0, "LINE_DIR12": 0, "LINE_DIR13": 0, "LINE_DIR14": 0, "layer_id": "bus_stops", "feature_name": "Bus Stop" }, "geometry": { "type": "Point", "coordinates": [ -118.326333, 33.938429 ] } },
{ "type": "Feature", "properties": { "id": "2958", "STOPNUM": 4912, "STOPNAME": "Crenshaw / 116th", "LAT": 33.929076, "LONG": -118.326343, "LINE_DIR1": "207-N", "LINE_DIR2": "210-N", "LINE_DIR3": 0, "LINE_DIR4": 0, "LINE_DIR5": 0, "LINE_DIR6": 0, "LINE_DIR7": 0, "LINE_DIR8": 0, "LINE_DIR9": 0, "LINE_DIR10": 0, "LINE_DIR11": 0, "LINE_DIR12": 0, "LINE_DIR13": 0, "LINE_DIR14": 0, "layer_id": "bus_stops", "feature_name": "Bus Stop" }, "geometry": { "type": "Point", "coordinates": [ -118.326343, 33.929076 ] } },
{ "type": "Feature", "properties": { "id": "2959", "STOPNUM": 4915, "STOPNAME": "Crenshaw / 90th", "LAT": 33.956629, "LONG": -118.326345, "LINE_DIR1": "210-N", "LINE_DIR2": null, "LINE_DIR3": 0, "LINE_DIR4": 0, "LINE_DIR5": 0, "LINE_DIR6": 0, "LINE_DIR7": 0, "LINE_DIR8": 0, "LINE_DIR9": 0, "LINE_DIR10": 0, "LINE_DIR11": 0, "LINE_DIR12": 0, "LINE_DIR13": 0, "LINE_DIR14": 0, "layer_id": "bus_stops", "feature_name": "Bus Stop" }, "geometry": { "type": "Point", "coordinates": [ -118.326345, 33.956629 ] } },
{ "type": "Feature", "properties": { "id": "2960", "STOPNUM": 4916, "STOPNAME": "Crenshaw / Arbor Vitae", "LAT": 33.952982, "LONG": -118.326337, "LINE_DIR1": "210-N", "LINE_DIR2": null, "LINE_DIR3": 0, "LINE_DIR4": 0, "LINE_DIR5": 0, "LINE_DIR6": 0, "LINE_DIR7": 0, "LINE_DIR8": 0, "LINE_DIR9": 0, "LINE_DIR10": 0, "LINE_DIR11": 0, "LINE_DIR12": 0, "LINE_DIR13": 0, "LINE_DIR14": 0, "layer_id": "bus_stops", "feature_name": "Bus Stop" }, "geometry": { "type": "Point", "coordinates": [ -118.326337, 33.952982 ] } },
{ "type": "Feature", "properties": { "id": "2961", "STOPNUM": 4917, "STOPNAME": "Crenshaw / Hardy", "LAT": 33.949396, "LONG": -118.326327, "LINE_DIR1": "210-N", "LINE_DIR2": null, "LINE_DIR3": 0, "LINE_DIR4": 0, "LINE_DIR5": 0, "LINE_DIR6": 0, "LINE_DIR7": 0, "LINE_DIR8": 0, "LINE_DIR9": 0, "LINE_DIR10": 0, "LINE_DIR11": 0, "LINE_DIR12": 0, "LINE_DIR13": 0, "LINE_DIR14": 0, "layer_id": "bus_stops", "feature_name": "Bus Stop" }, "geometry": { "type": "Point", "coordinates": [ -118.326327, 33.949396 ] } },
{ "type": "Feature", "properties": { "id": "2978", "STOPNUM": 4951, "STOPNAME": "Eucalyptus / Kelso", "LAT": 33.958941, "LONG": -118.359581, "LINE_DIR1": "211-N", "LINE_DIR2": null, "LINE_DIR3": 0, "LINE_DIR4": 0, "LINE_DIR5": 0, "LINE_DIR6": 0, "LINE_DIR7": 0, "LINE_DIR8": 0, "LINE_DIR9": 0, "LINE_DIR10": 0, "LINE_DIR11": 0, "LINE_DIR12": 0, "LINE_DIR13": 0, "LINE_DIR14": 0, "layer_id": "bus_stops", "feature_name": "Bus Stop" }, "geometry": { "type": "Point", "coordinates": [ -118.359581, 33.958941 ] } },
{ "type": "Feature", "properties": { "id": "2979", "STOPNUM": 4953, "STOPNAME": "Eucalyptus / Manchester", "LAT": 33.961425, "LONG": -118.359615, "LINE_DIR1": "211-N", "LINE_DIR2": null, "LINE_DIR3": 0, "LINE_DIR4": 0, "LINE_DIR5": 0, "LINE_DIR6": 0, "LINE_DIR7": 0, "LINE_DIR8": 0, "LINE_DIR9": 0, "LINE_DIR10": 0, "LINE_DIR11": 0, "LINE_DIR12": 0, "LINE_DIR13": 0, "LINE_DIR14": 0, "layer_id": "bus_stops", "feature_name": "Bus Stop" }, "geometry": { "type": "Point", "coordinates": [ -118.359615, 33.961425 ] } },
{ "type": "Feature", "properties": { "id": "2980", "STOPNUM": 4954, "STOPNAME": "Eucalyptus / Spruce", "LAT": 33.955493, "LONG": -118.359533, "LINE_DIR1": "211-N", "LINE_DIR2": null, "LINE_DIR3": 0, "LINE_DIR4": 0, "LINE_DIR5": 0, "LINE_DIR6": 0, "LINE_DIR7": 0, "LINE_DIR8": 0, "LINE_DIR9": 0, "LINE_DIR10": 0, "LINE_DIR11": 0, "LINE_DIR12": 0, "LINE_DIR13": 0, "LINE_DIR14": 0, "layer_id": "bus_stops", "feature_name": "Bus Stop" }, "geometry": { "type": "Point", "coordinates": [ -118.359533, 33.955493 ] } },
{ "type": "Feature", "properties": { "id": "3049", "STOPNUM": 5045, "STOPNAME": "Centinela / La Brea", "LAT": 33.976097, "LONG": -118.35729, "LINE_DIR1": "110-E", "LINE_DIR2": null, "LINE_DIR3": 0, "LINE_DIR4": 0, "LINE_DIR5": 0, "LINE_DIR6": 0, "LINE_DIR7": 0, "LINE_DIR8": 0, "LINE_DIR9": 0, "LINE_DIR10": 0, "LINE_DIR11": 0, "LINE_DIR12": 0, "LINE_DIR13": 0, "LINE_DIR14": 0, "layer_id": "bus_stops", "feature_name": "Bus Stop" }, "geometry": { "type": "Point", "coordinates": [ -118.35729, 33.976097 ] } },
{ "type": "Feature", "properties": { "id": "3096", "STOPNUM": 5122, "STOPNAME": "Hawthorne / 104th", "LAT": 33.942104, "LONG": -118.352486, "LINE_DIR1": "40-N", "LINE_DIR2": null, "LINE_DIR3": 0, "LINE_DIR4": 0, "LINE_DIR5": 0, "LINE_DIR6": 0, "LINE_DIR7": 0, "LINE_DIR8": 0, "LINE_DIR9": 0, "LINE_DIR10": 0, "LINE_DIR11": 0, "LINE_DIR12": 0, "LINE_DIR13": 0, "LINE_DIR14": 0, "layer_id": "bus_stops", "feature_name": "Bus Stop" }, "geometry": { "type": "Point", "coordinates": [ -118.352486, 33.942104 ] } },
{ "type": "Feature", "properties": { "id": "3129", "STOPNUM": 5167, "STOPNAME": "Inglewood / Arbor Vitae", "LAT": 33.952498, "LONG": -118.361367, "LINE_DIR1": "211-S", "LINE_DIR2": null, "LINE_DIR3": 0, "LINE_DIR4": 0, "LINE_DIR5": 0, "LINE_DIR6": 0, "LINE_DIR7": 0, "LINE_DIR8": 0, "LINE_DIR9": 0, "LINE_DIR10": 0, "LINE_DIR11": 0, "LINE_DIR12": 0, "LINE_DIR13": 0, "LINE_DIR14": 0, "layer_id": "bus_stops", "feature_name": "Bus Stop" }, "geometry": { "type": "Point", "coordinates": [ -118.361367, 33.952498 ] } },
{ "type": "Feature", "properties": { "id": "3130", "STOPNUM": 5169, "STOPNAME": "Inglewood / Century", "LAT": 33.945586, "LONG": -118.361479, "LINE_DIR1": "211-N", "LINE_DIR2": null, "LINE_DIR3": 0, "LINE_DIR4": 0, "LINE_DIR5": 0, "LINE_DIR6": 0, "LINE_DIR7": 0, "LINE_DIR8": 0, "LINE_DIR9": 0, "LINE_DIR10": 0, "LINE_DIR11": 0, "LINE_DIR12": 0, "LINE_DIR13": 0, "LINE_DIR14": 0, "layer_id": "bus_stops", "feature_name": "Bus Stop" }, "geometry": { "type": "Point", "coordinates": [ -118.361479, 33.945586 ] } },
{ "type": "Feature", "properties": { "id": "3131", "STOPNUM": 5170, "STOPNAME": "Inglewood / 96th", "LAT": 33.949241, "LONG": -118.361498, "LINE_DIR1": "211-N", "LINE_DIR2": null, "LINE_DIR3": 0, "LINE_DIR4": 0, "LINE_DIR5": 0, "LINE_DIR6": 0, "LINE_DIR7": 0, "LINE_DIR8": 0, "LINE_DIR9": 0, "LINE_DIR10": 0, "LINE_DIR11": 0, "LINE_DIR12": 0, "LINE_DIR13": 0, "LINE_DIR14": 0, "layer_id": "bus_stops", "feature_name": "Bus Stop" }, "geometry": { "type": "Point", "coordinates": [ -118.361498, 33.949241 ] } },
{ "type": "Feature", "properties": { "id": "3136", "STOPNUM": 5176, "STOPNAME": "La Brea / Hardy", "LAT": 33.948952, "LONG": -118.352489, "LINE_DIR1": "40-N", "LINE_DIR2": null, "LINE_DIR3": 0, "LINE_DIR4": 0, "LINE_DIR5": 0, "LINE_DIR6": 0, "LINE_DIR7": 0, "LINE_DIR8": 0, "LINE_DIR9": 0, "LINE_DIR10": 0, "LINE_DIR11": 0, "LINE_DIR12": 0, "LINE_DIR13": 0, "LINE_DIR14": 0, "layer_id": "bus_stops", "feature_name": "Bus Stop" }, "geometry": { "type": "Point", "coordinates": [ -118.352489, 33.948952 ] } },
{ "type": "Feature", "properties": { "id": "3137", "STOPNUM": 5180, "STOPNAME": "La Brea / Queen", "LAT": 33.962763, "LONG": -118.353196, "LINE_DIR1": "212-N", "LINE_DIR2": null, "LINE_DIR3": 0, "LINE_DIR4": 0, "LINE_DIR5": 0, "LINE_DIR6": 0, "LINE_DIR7": 0, "LINE_DIR8": 0, "LINE_DIR9": 0, "LINE_DIR10": 0, "LINE_DIR11": 0, "LINE_DIR12": 0, "LINE_DIR13": 0, "LINE_DIR14": 0, "layer_id": "bus_stops", "feature_name": "Bus Stop" }, "geometry": { "type": "Point", "coordinates": [ -118.353196, 33.962763 ] } },
{ "type": "Feature", "properties": { "id": "3138", "STOPNUM": 5181, "STOPNAME": "La Brea / Market", "LAT": 33.956967, "LONG": -118.352387, "LINE_DIR1": "111-W", "LINE_DIR2": "40-S", "LINE_DIR3": 0, "LINE_DIR4": 0, "LINE_DIR5": 0, "LINE_DIR6": 0, "LINE_DIR7": 0, "LINE_DIR8": 0, "LINE_DIR9": 0, "LINE_DIR10": 0, "LINE_DIR11": 0, "LINE_DIR12": 0, "LINE_DIR13": 0, "LINE_DIR14": 0, "layer_id": "bus_stops", "feature_name": "Bus Stop" }, "geometry": { "type": "Point", "coordinates": [ -118.352387, 33.956967 ] } },
{ "type": "Feature", "properties": { "id": "3144", "STOPNUM": 5188, "STOPNAME": "La Brea / Tamarack", "LAT": 33.954649, "LONG": -118.352278, "LINE_DIR1": "40-N", "LINE_DIR2": "111-E", "LINE_DIR3": 0, "LINE_DIR4": 0, "LINE_DIR5": 0, "LINE_DIR6": 0, "LINE_DIR7": 0, "LINE_DIR8": 0, "LINE_DIR9": 0, "LINE_DIR10": 0, "LINE_DIR11": 0, "LINE_DIR12": 0, "LINE_DIR13": 0, "LINE_DIR14": 0, "layer_id": "bus_stops", "feature_name": "Bus Stop" }, "geometry": { "type": "Point", "coordinates": [ -118.352278, 33.954649 ] } },
{ "type": "Feature", "properties": { "id": "3157", "STOPNUM": 5201, "STOPNAME": "La Brea / Century", "LAT": 33.945734, "LONG": -118.352491, "LINE_DIR1": "40-N", "LINE_DIR2": null, "LINE_DIR3": 0, "LINE_DIR4": 0, "LINE_DIR5": 0, "LINE_DIR6": 0, "LINE_DIR7": 0, "LINE_DIR8": 0, "LINE_DIR9": 0, "LINE_DIR10": 0, "LINE_DIR11": 0, "LINE_DIR12": 0, "LINE_DIR13": 0, "LINE_DIR14": 0, "layer_id": "bus_stops", "feature_name": "Bus Stop" }, "geometry": { "type": "Point", "coordinates": [ -118.352491, 33.945734 ] } },
{ "type": "Feature", "properties": { "id": "3180", "STOPNUM": 5228, "STOPNAME": "La Tijera / Fairview", "LAT": 33.980024, "LONG": -118.369283, "LINE_DIR1": "102-E", "LINE_DIR2": null, "LINE_DIR3": 0, "LINE_DIR4": 0, "LINE_DIR5": 0, "LINE_DIR6": 0, "LINE_DIR7": 0, "LINE_DIR8": 0, "LINE_DIR9": 0, "LINE_DIR10": 0, "LINE_DIR11": 0, "LINE_DIR12": 0, "LINE_DIR13": 0, "LINE_DIR14": 0, "layer_id": "bus_stops", "feature_name": "Bus Stop" }, "geometry": { "type": "Point", "coordinates": [ -118.369283, 33.980024 ] } },
{ "type": "Feature", "properties": { "id": "3304", "STOPNUM": 5418, "STOPNAME": "Prairie / 108th", "LAT": 33.938007, "LONG": -118.343755, "LINE_DIR1": "211-N", "LINE_DIR2": null, "LINE_DIR3": 0, "LINE_DIR4": 0, "LINE_DIR5": 0, "LINE_DIR6": 0, "LINE_DIR7": 0, "LINE_DIR8": 0, "LINE_DIR9": 0, "LINE_DIR10": 0, "LINE_DIR11": 0, "LINE_DIR12": 0, "LINE_DIR13": 0, "LINE_DIR14": 0, "layer_id": "bus_stops", "feature_name": "Bus Stop" }, "geometry": { "type": "Point", "coordinates": [ -118.343755, 33.938007 ] } },
{ "type": "Feature", "properties": { "id": "3305", "STOPNUM": 5419, "STOPNAME": "Prairie / 111th", "LAT": 33.935111, "LONG": -118.343747, "LINE_DIR1": "211-N", "LINE_DIR2": null, "LINE_DIR3": 0, "LINE_DIR4": 0, "LINE_DIR5": 0, "LINE_DIR6": 0, "LINE_DIR7": 0, "LINE_DIR8": 0, "LINE_DIR9": 0, "LINE_DIR10": 0, "LINE_DIR11": 0, "LINE_DIR12": 0, "LINE_DIR13": 0, "LINE_DIR14": 0, "layer_id": "bus_stops", "feature_name": "Bus Stop" }, "geometry": { "type": "Point", "coordinates": [ -118.343747, 33.935111 ] } },
{ "type": "Feature", "properties": { "id": "3306", "STOPNUM": 5421, "STOPNAME": "Prairie / Pincay", "LAT": 33.957055, "LONG": -118.343781, "LINE_DIR1": "211-N", "LINE_DIR2": "212-N", "LINE_DIR3": 0, "LINE_DIR4": 0, "LINE_DIR5": 0, "LINE_DIR6": 0, "LINE_DIR7": 0, "LINE_DIR8": 0, "LINE_DIR9": 0, "LINE_DIR10": 0, "LINE_DIR11": 0, "LINE_DIR12": 0, "LINE_DIR13": 0, "LINE_DIR14": 0, "layer_id": "bus_stops", "feature_name": "Bus Stop" }, "geometry": { "type": "Point", "coordinates": [ -118.343781, 33.957055 ] } },
{ "type": "Feature", "properties": { "id": "3307", "STOPNUM": 5422, "STOPNAME": "Prairie / Century", "LAT": 33.945262, "LONG": -118.343765, "LINE_DIR1": "212-N", "LINE_DIR2": "211-N", "LINE_DIR3": 0, "LINE_DIR4": 0, "LINE_DIR5": 0, "LINE_DIR6": 0, "LINE_DIR7": 0, "LINE_DIR8": 0, "LINE_DIR9": 0, "LINE_DIR10": 0, "LINE_DIR11": 0, "LINE_DIR12": 0, "LINE_DIR13": 0, "LINE_DIR14": 0, "layer_id": "bus_stops", "feature_name": "Bus Stop" }, "geometry": { "type": "Point", "coordinates": [ -118.343765, 33.945262 ] } },
{ "type": "Feature", "properties": { "id": "3417", "STOPNUM": 5590, "STOPNAME": "Florence / Locust", "LAT": 33.967772, "LONG": -118.350462, "LINE_DIR1": "40-N", "LINE_DIR2": "111-E", "LINE_DIR3": 0, "LINE_DIR4": 0, "LINE_DIR5": 0, "LINE_DIR6": 0, "LINE_DIR7": 0, "LINE_DIR8": 0, "LINE_DIR9": 0, "LINE_DIR10": 0, "LINE_DIR11": 0, "LINE_DIR12": 0, "LINE_DIR13": 0, "LINE_DIR14": 0, "layer_id": "bus_stops", "feature_name": "Bus Stop" }, "geometry": { "type": "Point", "coordinates": [ -118.350462, 33.967772 ] } },
{ "type": "Feature", "properties": { "id": "3443", "STOPNUM": 5625, "STOPNAME": "Van Ness / Manchester", "LAT": 33.960254, "LONG": -118.317861, "LINE_DIR1": "209-S", "LINE_DIR2": null, "LINE_DIR3": 0, "LINE_DIR4": 0, "LINE_DIR5": 0, "LINE_DIR6": 0, "LINE_DIR7": 0, "LINE_DIR8": 0, "LINE_DIR9": 0, "LINE_DIR10": 0, "LINE_DIR11": 0, "LINE_DIR12": 0, "LINE_DIR13": 0, "LINE_DIR14": 0, "layer_id": "bus_stops", "feature_name": "Bus Stop" }, "geometry": { "type": "Point", "coordinates": [ -118.317861, 33.960254 ] } },
{ "type": "Feature", "properties": { "id": "4516", "STOPNUM": 7228, "STOPNAME": "Van Ness / 108th", "LAT": 33.938367, "LONG": -118.317877, "LINE_DIR1": "209-S", "LINE_DIR2": null, "LINE_DIR3": 0, "LINE_DIR4": 0, "LINE_DIR5": 0, "LINE_DIR6": 0, "LINE_DIR7": 0, "LINE_DIR8": 0, "LINE_DIR9": 0, "LINE_DIR10": 0, "LINE_DIR11": 0, "LINE_DIR12": 0, "LINE_DIR13": 0, "LINE_DIR14": 0, "layer_id": "bus_stops", "feature_name": "Bus Stop" }, "geometry": { "type": "Point", "coordinates": [ -118.317877, 33.938367 ] } },
{ "type": "Feature", "properties": { "id": "4661", "STOPNUM": 7504, "STOPNAME": "Arbor Vitae / Eucalyptus", "LAT": 33.952602, "LONG": -118.359573, "LINE_DIR1": "111-E", "LINE_DIR2": null, "LINE_DIR3": 0, "LINE_DIR4": 0, "LINE_DIR5": 0, "LINE_DIR6": 0, "LINE_DIR7": 0, "LINE_DIR8": 0, "LINE_DIR9": 0, "LINE_DIR10": 0, "LINE_DIR11": 0, "LINE_DIR12": 0, "LINE_DIR13": 0, "LINE_DIR14": 0, "layer_id": "bus_stops", "feature_name": "Bus Stop" }, "geometry": { "type": "Point", "coordinates": [ -118.359573, 33.952602 ] } },
{ "type": "Feature", "properties": { "id": "4662", "STOPNUM": 7505, "STOPNAME": "Arbor Vitae / Inglewood", "LAT": 33.9526, "LONG": -118.361183, "LINE_DIR1": "111-E", "LINE_DIR2": null, "LINE_DIR3": 0, "LINE_DIR4": 0, "LINE_DIR5": 0, "LINE_DIR6": 0, "LINE_DIR7": 0, "LINE_DIR8": 0, "LINE_DIR9": 0, "LINE_DIR10": 0, "LINE_DIR11": 0, "LINE_DIR12": 0, "LINE_DIR13": 0, "LINE_DIR14": 0, "layer_id": "bus_stops", "feature_name": "Bus Stop" }, "geometry": { "type": "Point", "coordinates": [ -118.361183, 33.9526 ] } },
{ "type": "Feature", "properties": { "id": "4664", "STOPNUM": 7507, "STOPNAME": "Arbor Vitae / Oak", "LAT": 33.952594, "LONG": -118.365855, "LINE_DIR1": "111-E", "LINE_DIR2": null, "LINE_DIR3": 0, "LINE_DIR4": 0, "LINE_DIR5": 0, "LINE_DIR6": 0, "LINE_DIR7": 0, "LINE_DIR8": 0, "LINE_DIR9": 0, "LINE_DIR10": 0, "LINE_DIR11": 0, "LINE_DIR12": 0, "LINE_DIR13": 0, "LINE_DIR14": 0, "layer_id": "bus_stops", "feature_name": "Bus Stop" }, "geometry": { "type": "Point", "coordinates": [ -118.365855, 33.952594 ] } },
{ "type": "Feature", "properties": { "id": "4683", "STOPNUM": 7549, "STOPNAME": "Century / Crenshaw", "LAT": 33.945349, "LONG": -118.326064, "LINE_DIR1": "117-E", "LINE_DIR2": null, "LINE_DIR3": 0, "LINE_DIR4": 0, "LINE_DIR5": 0, "LINE_DIR6": 0, "LINE_DIR7": 0, "LINE_DIR8": 0, "LINE_DIR9": 0, "LINE_DIR10": 0, "LINE_DIR11": 0, "LINE_DIR12": 0, "LINE_DIR13": 0, "LINE_DIR14": 0, "layer_id": "bus_stops", "feature_name": "Bus Stop" }, "geometry": { "type": "Point", "coordinates": [ -118.326064, 33.945349 ] } },
{ "type": "Feature", "properties": { "id": "4686", "STOPNUM": 7552, "STOPNAME": "Century / 5th", "LAT": 33.94535, "LONG": -118.321774, "LINE_DIR1": "117-E", "LINE_DIR2": null, "LINE_DIR3": 0, "LINE_DIR4": 0, "LINE_DIR5": 0, "LINE_DIR6": 0, "LINE_DIR7": 0, "LINE_DIR8": 0, "LINE_DIR9": 0, "LINE_DIR10": 0, "LINE_DIR11": 0, "LINE_DIR12": 0, "LINE_DIR13": 0, "LINE_DIR14": 0, "layer_id": "bus_stops", "feature_name": "Bus Stop" }, "geometry": { "type": "Point", "coordinates": [ -118.321774, 33.94535 ] } },
{ "type": "Feature", "properties": { "id": "4689", "STOPNUM": 7555, "STOPNAME": "Century / Doty", "LAT": 33.945344, "LONG": -118.339984, "LINE_DIR1": "117-E", "LINE_DIR2": null, "LINE_DIR3": 0, "LINE_DIR4": 0, "LINE_DIR5": 0, "LINE_DIR6": 0, "LINE_DIR7": 0, "LINE_DIR8": 0, "LINE_DIR9": 0, "LINE_DIR10": 0, "LINE_DIR11": 0, "LINE_DIR12": 0, "LINE_DIR13": 0, "LINE_DIR14": 0, "layer_id": "bus_stops", "feature_name": "Bus Stop" }, "geometry": { "type": "Point", "coordinates": [ -118.339984, 33.945344 ] } },
{ "type": "Feature", "properties": { "id": "4690", "STOPNUM": 7556, "STOPNAME": "Century / Felton", "LAT": 33.945316, "LONG": -118.365358, "LINE_DIR1": "117-E", "LINE_DIR2": null, "LINE_DIR3": 0, "LINE_DIR4": 0, "LINE_DIR5": 0, "LINE_DIR6": 0, "LINE_DIR7": 0, "LINE_DIR8": 0, "LINE_DIR9": 0, "LINE_DIR10": 0, "LINE_DIR11": 0, "LINE_DIR12": 0, "LINE_DIR13": 0, "LINE_DIR14": 0, "layer_id": "bus_stops", "feature_name": "Bus Stop" }, "geometry": { "type": "Point", "coordinates": [ -118.365358, 33.945316 ] } },
{ "type": "Feature", "properties": { "id": "4692", "STOPNUM": 7558, "STOPNAME": "Century / Firmona", "LAT": 33.945327, "LONG": -118.357139, "LINE_DIR1": "117-E", "LINE_DIR2": null, "LINE_DIR3": 0, "LINE_DIR4": 0, "LINE_DIR5": 0, "LINE_DIR6": 0, "LINE_DIR7": 0, "LINE_DIR8": 0, "LINE_DIR9": 0, "LINE_DIR10": 0, "LINE_DIR11": 0, "LINE_DIR12": 0, "LINE_DIR13": 0, "LINE_DIR14": 0, "layer_id": "bus_stops", "feature_name": "Bus Stop" }, "geometry": { "type": "Point", "coordinates": [ -118.357139, 33.945327 ] } },
{ "type": "Feature", "properties": { "id": "4693", "STOPNUM": 7559, "STOPNAME": "Century / Freeman", "LAT": 33.945338, "LONG": -118.347937, "LINE_DIR1": "117-E", "LINE_DIR2": null, "LINE_DIR3": 0, "LINE_DIR4": 0, "LINE_DIR5": 0, "LINE_DIR6": 0, "LINE_DIR7": 0, "LINE_DIR8": 0, "LINE_DIR9": 0, "LINE_DIR10": 0, "LINE_DIR11": 0, "LINE_DIR12": 0, "LINE_DIR13": 0, "LINE_DIR14": 0, "layer_id": "bus_stops", "feature_name": "Bus Stop" }, "geometry": { "type": "Point", "coordinates": [ -118.347937, 33.945338 ] } },
{ "type": "Feature", "properties": { "id": "4695", "STOPNUM": 7561, "STOPNAME": "Century / La Brea", "LAT": 33.945355, "LONG": -118.352279, "LINE_DIR1": "117-E", "LINE_DIR2": null, "LINE_DIR3": 0, "LINE_DIR4": 0, "LINE_DIR5": 0, "LINE_DIR6": 0, "LINE_DIR7": 0, "LINE_DIR8": 0, "LINE_DIR9": 0, "LINE_DIR10": 0, "LINE_DIR11": 0, "LINE_DIR12": 0, "LINE_DIR13": 0, "LINE_DIR14": 0, "layer_id": "bus_stops", "feature_name": "Bus Stop" }, "geometry": { "type": "Point", "coordinates": [ -118.352279, 33.945355 ] } },
{ "type": "Feature", "properties": { "id": "4697", "STOPNUM": 7563, "STOPNAME": "Century / La Cienega", "LAT": 33.945292, "LONG": -118.36972, "LINE_DIR1": "117-E", "LINE_DIR2": null, "LINE_DIR3": 0, "LINE_DIR4": 0, "LINE_DIR5": 0, "LINE_DIR6": 0, "LINE_DIR7": 0, "LINE_DIR8": 0, "LINE_DIR9": 0, "LINE_DIR10": 0, "LINE_DIR11": 0, "LINE_DIR12": 0, "LINE_DIR13": 0, "LINE_DIR14": 0, "layer_id": "bus_stops", "feature_name": "Bus Stop" }, "geometry": { "type": "Point", "coordinates": [ -118.36972, 33.945292 ] } },
{ "type": "Feature", "properties": { "id": "4699", "STOPNUM": 7565, "STOPNAME": "Century / Prairie", "LAT": 33.945339, "LONG": -118.343588, "LINE_DIR1": "117-E", "LINE_DIR2": null, "LINE_DIR3": 0, "LINE_DIR4": 0, "LINE_DIR5": 0, "LINE_DIR6": 0, "LINE_DIR7": 0, "LINE_DIR8": 0, "LINE_DIR9": 0, "LINE_DIR10": 0, "LINE_DIR11": 0, "LINE_DIR12": 0, "LINE_DIR13": 0, "LINE_DIR14": 0, "layer_id": "bus_stops", "feature_name": "Bus Stop" }, "geometry": { "type": "Point", "coordinates": [ -118.343588, 33.945339 ] } },
{ "type": "Feature", "properties": { "id": "4700", "STOPNUM": 7566, "STOPNAME": "Century / Van Ness", "LAT": 33.945344, "LONG": -118.317933, "LINE_DIR1": "117-E", "LINE_DIR2": null, "LINE_DIR3": 0, "LINE_DIR4": 0, "LINE_DIR5": 0, "LINE_DIR6": 0, "LINE_DIR7": 0, "LINE_DIR8": 0, "LINE_DIR9": 0, "LINE_DIR10": 0, "LINE_DIR11": 0, "LINE_DIR12": 0, "LINE_DIR13": 0, "LINE_DIR14": 0, "layer_id": "bus_stops", "feature_name": "Bus Stop" }, "geometry": { "type": "Point", "coordinates": [ -118.317933, 33.945344 ] } },
{ "type": "Feature", "properties": { "id": "4703", "STOPNUM": 7569, "STOPNAME": "Century / Yukon", "LAT": 33.945356, "LONG": -118.334808, "LINE_DIR1": "117-E", "LINE_DIR2": null, "LINE_DIR3": 0, "LINE_DIR4": 0, "LINE_DIR5": 0, "LINE_DIR6": 0, "LINE_DIR7": 0, "LINE_DIR8": 0, "LINE_DIR9": 0, "LINE_DIR10": 0, "LINE_DIR11": 0, "LINE_DIR12": 0, "LINE_DIR13": 0, "LINE_DIR14": 0, "layer_id": "bus_stops", "feature_name": "Bus Stop" }, "geometry": { "type": "Point", "coordinates": [ -118.334808, 33.945356 ] } },
{ "type": "Feature", "properties": { "id": "4704", "STOPNUM": 7570, "STOPNAME": "Century / Village", "LAT": 33.945351, "LONG": -118.329367, "LINE_DIR1": "117-E", "LINE_DIR2": null, "LINE_DIR3": 0, "LINE_DIR4": 0, "LINE_DIR5": 0, "LINE_DIR6": 0, "LINE_DIR7": 0, "LINE_DIR8": 0, "LINE_DIR9": 0, "LINE_DIR10": 0, "LINE_DIR11": 0, "LINE_DIR12": 0, "LINE_DIR13": 0, "LINE_DIR14": 0, "layer_id": "bus_stops", "feature_name": "Bus Stop" }, "geometry": { "type": "Point", "coordinates": [ -118.329367, 33.945351 ] } },
{ "type": "Feature", "properties": { "id": "4770", "STOPNUM": 7716, "STOPNAME": "Imperial / Ardath", "LAT": 33.930852, "LONG": -118.324066, "LINE_DIR1": "120-E", "LINE_DIR2": "209-N", "LINE_DIR3": 0, "LINE_DIR4": 0, "LINE_DIR5": 0, "LINE_DIR6": 0, "LINE_DIR7": 0, "LINE_DIR8": 0, "LINE_DIR9": 0, "LINE_DIR10": 0, "LINE_DIR11": 0, "LINE_DIR12": 0, "LINE_DIR13": 0, "LINE_DIR14": 0, "layer_id": "bus_stops", "feature_name": "Bus Stop" }, "geometry": { "type": "Point", "coordinates": [ -118.324066, 33.930852 ] } },
{ "type": "Feature", "properties": { "id": "4776", "STOPNUM": 7724, "STOPNAME": "Imperial / Crenshaw", "LAT": 33.930851, "LONG": -118.326159, "LINE_DIR1": "120-E", "LINE_DIR2": "209-N", "LINE_DIR3": 0, "LINE_DIR4": 0, "LINE_DIR5": 0, "LINE_DIR6": 0, "LINE_DIR7": 0, "LINE_DIR8": 0, "LINE_DIR9": 0, "LINE_DIR10": 0, "LINE_DIR11": 0, "LINE_DIR12": 0, "LINE_DIR13": 0, "LINE_DIR14": 0, "layer_id": "bus_stops", "feature_name": "Bus Stop" }, "geometry": { "type": "Point", "coordinates": [ -118.326159, 33.930851 ] } },
{ "type": "Feature", "properties": { "id": "4779", "STOPNUM": 7728, "STOPNAME": "Imperial / Lemoli", "LAT": 33.930848, "LONG": -118.33057, "LINE_DIR1": "120-E", "LINE_DIR2": null, "LINE_DIR3": 0, "LINE_DIR4": 0, "LINE_DIR5": 0, "LINE_DIR6": 0, "LINE_DIR7": 0, "LINE_DIR8": 0, "LINE_DIR9": 0, "LINE_DIR10": 0, "LINE_DIR11": 0, "LINE_DIR12": 0, "LINE_DIR13": 0, "LINE_DIR14": 0, "layer_id": "bus_stops", "feature_name": "Bus Stop" }, "geometry": { "type": "Point", "coordinates": [ -118.33057, 33.930848 ] } },
{ "type": "Feature", "properties": { "id": "4781", "STOPNUM": 7730, "STOPNAME": "Imperial / Van Ness", "LAT": 33.930846, "LONG": -118.317937, "LINE_DIR1": "120-E", "LINE_DIR2": "207-N", "LINE_DIR3": 0, "LINE_DIR4": 0, "LINE_DIR5": 0, "LINE_DIR6": 0, "LINE_DIR7": 0, "LINE_DIR8": 0, "LINE_DIR9": 0, "LINE_DIR10": 0, "LINE_DIR11": 0, "LINE_DIR12": 0, "LINE_DIR13": 0, "LINE_DIR14": 0, "layer_id": "bus_stops", "feature_name": "Bus Stop" }, "geometry": { "type": "Point", "coordinates": [ -118.317937, 33.930846 ] } },
{ "type": "Feature", "properties": { "id": "4784", "STOPNUM": 7735, "STOPNAME": "Imperial / Yukon", "LAT": 33.930843, "LONG": -118.335313, "LINE_DIR1": "120-E", "LINE_DIR2": null, "LINE_DIR3": 0, "LINE_DIR4": 0, "LINE_DIR5": 0, "LINE_DIR6": 0, "LINE_DIR7": 0, "LINE_DIR8": 0, "LINE_DIR9": 0, "LINE_DIR10": 0, "LINE_DIR11": 0, "LINE_DIR12": 0, "LINE_DIR13": 0, "LINE_DIR14": 0, "layer_id": "bus_stops", "feature_name": "Bus Stop" }, "geometry": { "type": "Point", "coordinates": [ -118.335313, 33.930843 ] } },
{ "type": "Feature", "properties": { "id": "4827", "STOPNUM": 7794, "STOPNAME": "Manchester / Aviation", "LAT": 33.959783, "LONG": -118.377286, "LINE_DIR1": "115-E", "LINE_DIR2": null, "LINE_DIR3": 0, "LINE_DIR4": 0, "LINE_DIR5": 0, "LINE_DIR6": 0, "LINE_DIR7": 0, "LINE_DIR8": 0, "LINE_DIR9": 0, "LINE_DIR10": 0, "LINE_DIR11": 0, "LINE_DIR12": 0, "LINE_DIR13": 0, "LINE_DIR14": 0, "layer_id": "bus_stops", "feature_name": "Bus Stop" }, "geometry": { "type": "Point", "coordinates": [ -118.377286, 33.959783 ] } },
{ "type": "Feature", "properties": { "id": "4843", "STOPNUM": 7814, "STOPNAME": "Manchester / Isis", "LAT": 33.959786, "LONG": -118.375483, "LINE_DIR1": "115-E", "LINE_DIR2": null, "LINE_DIR3": 0, "LINE_DIR4": 0, "LINE_DIR5": 0, "LINE_DIR6": 0, "LINE_DIR7": 0, "LINE_DIR8": 0, "LINE_DIR9": 0, "LINE_DIR10": 0, "LINE_DIR11": 0, "LINE_DIR12": 0, "LINE_DIR13": 0, "LINE_DIR14": 0, "layer_id": "bus_stops", "feature_name": "Bus Stop" }, "geometry": { "type": "Point", "coordinates": [ -118.375483, 33.959786 ] } },
{ "type": "Feature", "properties": { "id": "4846", "STOPNUM": 7817, "STOPNAME": "Manchester / Van Ness", "LAT": 33.959852, "LONG": -118.317939, "LINE_DIR1": "115-E", "LINE_DIR2": null, "LINE_DIR3": 0, "LINE_DIR4": 0, "LINE_DIR5": 0, "LINE_DIR6": 0, "LINE_DIR7": 0, "LINE_DIR8": 0, "LINE_DIR9": 0, "LINE_DIR10": 0, "LINE_DIR11": 0, "LINE_DIR12": 0, "LINE_DIR13": 0, "LINE_DIR14": 0, "layer_id": "bus_stops", "feature_name": "Bus Stop" }, "geometry": { "type": "Point", "coordinates": [ -118.317939, 33.959852 ] } },
{ "type": "Feature", "properties": { "id": "4852", "STOPNUM": 7824, "STOPNAME": "Manchester / 11th", "LAT": 33.959864, "LONG": -118.32891, "LINE_DIR1": "115-E", "LINE_DIR2": null, "LINE_DIR3": 0, "LINE_DIR4": 0, "LINE_DIR5": 0, "LINE_DIR6": 0, "LINE_DIR7": 0, "LINE_DIR8": 0, "LINE_DIR9": 0, "LINE_DIR10": 0, "LINE_DIR11": 0, "LINE_DIR12": 0, "LINE_DIR13": 0, "LINE_DIR14": 0, "layer_id": "bus_stops", "feature_name": "Bus Stop" }, "geometry": { "type": "Point", "coordinates": [ -118.32891, 33.959864 ] } },
{ "type": "Feature", "properties": { "id": "4853", "STOPNUM": 7825, "STOPNAME": "Manchester / Briarwood West", "LAT": 33.959857, "LONG": -118.335291, "LINE_DIR1": "115-E", "LINE_DIR2": null, "LINE_DIR3": 0, "LINE_DIR4": 0, "LINE_DIR5": 0, "LINE_DIR6": 0, "LINE_DIR7": 0, "LINE_DIR8": 0, "LINE_DIR9": 0, "LINE_DIR10": 0, "LINE_DIR11": 0, "LINE_DIR12": 0, "LINE_DIR13": 0, "LINE_DIR14": 0, "layer_id": "bus_stops", "feature_name": "Bus Stop" }, "geometry": { "type": "Point", "coordinates": [ -118.335291, 33.959857 ] } },
{ "type": "Feature", "properties": { "id": "4854", "STOPNUM": 7826, "STOPNAME": "Manchester / Prairie", "LAT": 33.959698, "LONG": -118.344158, "LINE_DIR1": "115-E", "LINE_DIR2": "212-S", "LINE_DIR3": 0, "LINE_DIR4": 0, "LINE_DIR5": 0, "LINE_DIR6": 0, "LINE_DIR7": 0, "LINE_DIR8": 0, "LINE_DIR9": 0, "LINE_DIR10": 0, "LINE_DIR11": 0, "LINE_DIR12": 0, "LINE_DIR13": 0, "LINE_DIR14": 0, "layer_id": "bus_stops", "feature_name": "Bus Stop" }, "geometry": { "type": "Point", "coordinates": [ -118.344158, 33.959698 ] } },
{ "type": "Feature", "properties": { "id": "4855", "STOPNUM": 7827, "STOPNAME": "Manchester / 5th", "LAT": 33.95986, "LONG": -118.322288, "LINE_DIR1": "115-E", "LINE_DIR2": null, "LINE_DIR3": 0, "LINE_DIR4": 0, "LINE_DIR5": 0, "LINE_DIR6": 0, "LINE_DIR7": 0, "LINE_DIR8": 0, "LINE_DIR9": 0, "LINE_DIR10": 0, "LINE_DIR11": 0, "LINE_DIR12": 0, "LINE_DIR13": 0, "LINE_DIR14": 0, "layer_id": "bus_stops", "feature_name": "Bus Stop" }, "geometry": { "type": "Point", "coordinates": [ -118.322288, 33.95986 ] } },
{ "type": "Feature", "properties": { "id": "4857", "STOPNUM": 7832, "STOPNAME": "Manchester / Eucalyptus", "LAT": 33.961577, "LONG": -118.359203, "LINE_DIR1": "115-E", "LINE_DIR2": "211-S", "LINE_DIR3": 0, "LINE_DIR4": 0, "LINE_DIR5": 0, "LINE_DIR6": 0, "LINE_DIR7": 0, "LINE_DIR8": 0, "LINE_DIR9": 0, "LINE_DIR10": 0, "LINE_DIR11": 0, "LINE_DIR12": 0, "LINE_DIR13": 0, "LINE_DIR14": 0, "layer_id": "bus_stops", "feature_name": "Bus Stop" }, "geometry": { "type": "Point", "coordinates": [ -118.359203, 33.961577 ] } },
{ "type": "Feature", "properties": { "id": "4858", "STOPNUM": 7833, "STOPNAME": "Manchester / Fir", "LAT": 33.961596, "LONG": -118.357528, "LINE_DIR1": "115-E", "LINE_DIR2": "211-S", "LINE_DIR3": 0, "LINE_DIR4": 0, "LINE_DIR5": 0, "LINE_DIR6": 0, "LINE_DIR7": 0, "LINE_DIR8": 0, "LINE_DIR9": 0, "LINE_DIR10": 0, "LINE_DIR11": 0, "LINE_DIR12": 0, "LINE_DIR13": 0, "LINE_DIR14": 0, "layer_id": "bus_stops", "feature_name": "Bus Stop" }, "geometry": { "type": "Point", "coordinates": [ -118.357528, 33.961596 ] } },
{ "type": "Feature", "properties": { "id": "4859", "STOPNUM": 7834, "STOPNAME": "Manchester / Glasgow", "LAT": 33.960918, "LONG": -118.371976, "LINE_DIR1": "115-E", "LINE_DIR2": null, "LINE_DIR3": 0, "LINE_DIR4": 0, "LINE_DIR5": 0, "LINE_DIR6": 0, "LINE_DIR7": 0, "LINE_DIR8": 0, "LINE_DIR9": 0, "LINE_DIR10": 0, "LINE_DIR11": 0, "LINE_DIR12": 0, "LINE_DIR13": 0, "LINE_DIR14": 0, "layer_id": "bus_stops", "feature_name": "Bus Stop" }, "geometry": { "type": "Point", "coordinates": [ -118.371976, 33.960918 ] } },
{ "type": "Feature", "properties": { "id": "4860", "STOPNUM": 7835, "STOPNAME": "Manchester / Inglewood", "LAT": 33.961552, "LONG": -118.361396, "LINE_DIR1": "115-E", "LINE_DIR2": null, "LINE_DIR3": 0, "LINE_DIR4": 0, "LINE_DIR5": 0, "LINE_DIR6": 0, "LINE_DIR7": 0, "LINE_DIR8": 0, "LINE_DIR9": 0, "LINE_DIR10": 0, "LINE_DIR11": 0, "LINE_DIR12": 0, "LINE_DIR13": 0, "LINE_DIR14": 0, "layer_id": "bus_stops", "feature_name": "Bus Stop" }, "geometry": { "type": "Point", "coordinates": [ -118.361396, 33.961552 ] } },
{ "type": "Feature", "properties": { "id": "4861", "STOPNUM": 7836, "STOPNAME": "Manchester / La Cienega", "LAT": 33.961481, "LONG": -118.370247, "LINE_DIR1": "115-E", "LINE_DIR2": null, "LINE_DIR3": 0, "LINE_DIR4": 0, "LINE_DIR5": 0, "LINE_DIR6": 0, "LINE_DIR7": 0, "LINE_DIR8": 0, "LINE_DIR9": 0, "LINE_DIR10": 0, "LINE_DIR11": 0, "LINE_DIR12": 0, "LINE_DIR13": 0, "LINE_DIR14": 0, "layer_id": "bus_stops", "feature_name": "Bus Stop" }, "geometry": { "type": "Point", "coordinates": [ -118.370247, 33.961481 ] } },
{ "type": "Feature", "properties": { "id": "4862", "STOPNUM": 7837, "STOPNAME": "Manchester / Oak", "LAT": 33.961504, "LONG": -118.366342, "LINE_DIR1": "115-E", "LINE_DIR2": null, "LINE_DIR3": 0, "LINE_DIR4": 0, "LINE_DIR5": 0, "LINE_DIR6": 0, "LINE_DIR7": 0, "LINE_DIR8": 0, "LINE_DIR9": 0, "LINE_DIR10": 0, "LINE_DIR11": 0, "LINE_DIR12": 0, "LINE_DIR13": 0, "LINE_DIR14": 0, "layer_id": "bus_stops", "feature_name": "Bus Stop" }, "geometry": { "type": "Point", "coordinates": [ -118.366342, 33.961504 ] } },
{ "type": "Feature", "properties": { "id": "5360", "STOPNUM": 8703, "STOPNAME": "Arbor Vitae / Hindry", "LAT": 33.952728, "LONG": -118.373228, "LINE_DIR1": "111-W", "LINE_DIR2": null, "LINE_DIR3": 0, "LINE_DIR4": 0, "LINE_DIR5": 0, "LINE_DIR6": 0, "LINE_DIR7": 0, "LINE_DIR8": 0, "LINE_DIR9": 0, "LINE_DIR10": 0, "LINE_DIR11": 0, "LINE_DIR12": 0, "LINE_DIR13": 0, "LINE_DIR14": 0, "layer_id": "bus_stops", "feature_name": "Bus Stop" }, "geometry": { "type": "Point", "coordinates": [ -118.373228, 33.952728 ] } },
{ "type": "Feature", "properties": { "id": "5647", "STOPNUM": 9181, "STOPNAME": "Centinela / Edgewood", "LAT": 33.976126, "LONG": -118.354885, "LINE_DIR1": "110-W", "LINE_DIR2": null, "LINE_DIR3": 0, "LINE_DIR4": 0, "LINE_DIR5": 0, "LINE_DIR6": 0, "LINE_DIR7": 0, "LINE_DIR8": 0, "LINE_DIR9": 0, "LINE_DIR10": 0, "LINE_DIR11": 0, "LINE_DIR12": 0, "LINE_DIR13": 0, "LINE_DIR14": 0, "layer_id": "bus_stops", "feature_name": "Bus Stop" }, "geometry": { "type": "Point", "coordinates": [ -118.354885, 33.976126 ] } },
{ "type": "Feature", "properties": { "id": "5652", "STOPNUM": 9188, "STOPNAME": "Centinela / Beach", "LAT": 33.977146, "LONG": -118.366658, "LINE_DIR1": "110-W", "LINE_DIR2": null, "LINE_DIR3": 0, "LINE_DIR4": 0, "LINE_DIR5": 0, "LINE_DIR6": 0, "LINE_DIR7": 0, "LINE_DIR8": 0, "LINE_DIR9": 0, "LINE_DIR10": 0, "LINE_DIR11": 0, "LINE_DIR12": 0, "LINE_DIR13": 0, "LINE_DIR14": 0, "layer_id": "bus_stops", "feature_name": "Bus Stop" }, "geometry": { "type": "Point", "coordinates": [ -118.366658, 33.977146 ] } },
{ "type": "Feature", "properties": { "id": "5653", "STOPNUM": 9189, "STOPNAME": "Centinela / Inglewood", "LAT": 33.976722, "LONG": -118.36162, "LINE_DIR1": "110-W", "LINE_DIR2": null, "LINE_DIR3": 0, "LINE_DIR4": 0, "LINE_DIR5": 0, "LINE_DIR6": 0, "LINE_DIR7": 0, "LINE_DIR8": 0, "LINE_DIR9": 0, "LINE_DIR10": 0, "LINE_DIR11": 0, "LINE_DIR12": 0, "LINE_DIR13": 0, "LINE_DIR14": 0, "layer_id": "bus_stops", "feature_name": "Bus Stop" }, "geometry": { "type": "Point", "coordinates": [ -118.36162, 33.976722 ] } },
{ "type": "Feature", "properties": { "id": "5654", "STOPNUM": 9190, "STOPNAME": "Centinela / La Brea", "LAT": 33.976409, "LONG": -118.357908, "LINE_DIR1": "110-W", "LINE_DIR2": null, "LINE_DIR3": 0, "LINE_DIR4": 0, "LINE_DIR5": 0, "LINE_DIR6": 0, "LINE_DIR7": 0, "LINE_DIR8": 0, "LINE_DIR9": 0, "LINE_DIR10": 0, "LINE_DIR11": 0, "LINE_DIR12": 0, "LINE_DIR13": 0, "LINE_DIR14": 0, "layer_id": "bus_stops", "feature_name": "Bus Stop" }, "geometry": { "type": "Point", "coordinates": [ -118.357908, 33.976409 ] } },
{ "type": "Feature", "properties": { "id": "5659", "STOPNUM": 9203, "STOPNAME": "Century / Village", "LAT": 33.945605, "LONG": -118.329039, "LINE_DIR1": "117-W", "LINE_DIR2": null, "LINE_DIR3": 0, "LINE_DIR4": 0, "LINE_DIR5": 0, "LINE_DIR6": 0, "LINE_DIR7": 0, "LINE_DIR8": 0, "LINE_DIR9": 0, "LINE_DIR10": 0, "LINE_DIR11": 0, "LINE_DIR12": 0, "LINE_DIR13": 0, "LINE_DIR14": 0, "layer_id": "bus_stops", "feature_name": "Bus Stop" }, "geometry": { "type": "Point", "coordinates": [ -118.329039, 33.945605 ] } },
{ "type": "Feature", "properties": { "id": "5661", "STOPNUM": 9205, "STOPNAME": "Century / Inglewood", "LAT": 33.945578, "LONG": -118.361657, "LINE_DIR1": "117-W", "LINE_DIR2": null, "LINE_DIR3": 0, "LINE_DIR4": 0, "LINE_DIR5": 0, "LINE_DIR6": 0, "LINE_DIR7": 0, "LINE_DIR8": 0, "LINE_DIR9": 0, "LINE_DIR10": 0, "LINE_DIR11": 0, "LINE_DIR12": 0, "LINE_DIR13": 0, "LINE_DIR14": 0, "layer_id": "bus_stops", "feature_name": "Bus Stop" }, "geometry": { "type": "Point", "coordinates": [ -118.361657, 33.945578 ] } },
{ "type": "Feature", "properties": { "id": "5765", "STOPNUM": 9392, "STOPNAME": "Crenshaw / 111th", "LAT": 33.934021, "LONG": -118.326633, "LINE_DIR1": "210-S", "LINE_DIR2": null, "LINE_DIR3": 0, "LINE_DIR4": 0, "LINE_DIR5": 0, "LINE_DIR6": 0, "LINE_DIR7": 0, "LINE_DIR8": 0, "LINE_DIR9": 0, "LINE_DIR10": 0, "LINE_DIR11": 0, "LINE_DIR12": 0, "LINE_DIR13": 0, "LINE_DIR14": 0, "layer_id": "bus_stops", "feature_name": "Bus Stop" }, "geometry": { "type": "Point", "coordinates": [ -118.326633, 33.934021 ] } },
{ "type": "Feature", "properties": { "id": "5779", "STOPNUM": 9426, "STOPNAME": "Crenshaw / 104th", "LAT": 33.941575, "LONG": -118.326629, "LINE_DIR1": "210-S", "LINE_DIR2": null, "LINE_DIR3": 0, "LINE_DIR4": 0, "LINE_DIR5": 0, "LINE_DIR6": 0, "LINE_DIR7": 0, "LINE_DIR8": 0, "LINE_DIR9": 0, "LINE_DIR10": 0, "LINE_DIR11": 0, "LINE_DIR12": 0, "LINE_DIR13": 0, "LINE_DIR14": 0, "layer_id": "bus_stops", "feature_name": "Bus Stop" }, "geometry": { "type": "Point", "coordinates": [ -118.326629, 33.941575 ] } },
{ "type": "Feature", "properties": { "id": "5797", "STOPNUM": 9450, "STOPNAME": "Crenshaw / 80th", "LAT": 33.966215, "LONG": -118.330696, "LINE_DIR1": "210-N", "LINE_DIR2": null, "LINE_DIR3": 0, "LINE_DIR4": 0, "LINE_DIR5": 0, "LINE_DIR6": 0, "LINE_DIR7": 0, "LINE_DIR8": 0, "LINE_DIR9": 0, "LINE_DIR10": 0, "LINE_DIR11": 0, "LINE_DIR12": 0, "LINE_DIR13": 0, "LINE_DIR14": 0, "layer_id": "bus_stops", "feature_name": "Bus Stop" }, "geometry": { "type": "Point", "coordinates": [ -118.330696, 33.966215 ] } },
{ "type": "Feature", "properties": { "id": "5798", "STOPNUM": 9451, "STOPNAME": "Crenshaw / 82nd", "LAT": 33.964833, "LONG": -118.330592, "LINE_DIR1": "210-N", "LINE_DIR2": null, "LINE_DIR3": 0, "LINE_DIR4": 0, "LINE_DIR5": 0, "LINE_DIR6": 0, "LINE_DIR7": 0, "LINE_DIR8": 0, "LINE_DIR9": 0, "LINE_DIR10": 0, "LINE_DIR11": 0, "LINE_DIR12": 0, "LINE_DIR13": 0, "LINE_DIR14": 0, "layer_id": "bus_stops", "feature_name": "Bus Stop" }, "geometry": { "type": "Point", "coordinates": [ -118.330592, 33.964833 ] } },
{ "type": "Feature", "properties": { "id": "5801", "STOPNUM": 9460, "STOPNAME": "Crenshaw / Century", "LAT": 33.944683, "LONG": -118.326618, "LINE_DIR1": "210-S", "LINE_DIR2": null, "LINE_DIR3": 0, "LINE_DIR4": 0, "LINE_DIR5": 0, "LINE_DIR6": 0, "LINE_DIR7": 0, "LINE_DIR8": 0, "LINE_DIR9": 0, "LINE_DIR10": 0, "LINE_DIR11": 0, "LINE_DIR12": 0, "LINE_DIR13": 0, "LINE_DIR14": 0, "layer_id": "bus_stops", "feature_name": "Bus Stop" }, "geometry": { "type": "Point", "coordinates": [ -118.326618, 33.944683 ] } },
{ "type": "Feature", "properties": { "id": "5956", "STOPNUM": 9805, "STOPNAME": "Arbor Vitae / Grevillea", "LAT": 33.952807, "LONG": -118.355288, "LINE_DIR1": "111-W", "LINE_DIR2": null, "LINE_DIR3": 0, "LINE_DIR4": 0, "LINE_DIR5": 0, "LINE_DIR6": 0, "LINE_DIR7": 0, "LINE_DIR8": 0, "LINE_DIR9": 0, "LINE_DIR10": 0, "LINE_DIR11": 0, "LINE_DIR12": 0, "LINE_DIR13": 0, "LINE_DIR14": 0, "layer_id": "bus_stops", "feature_name": "Bus Stop" }, "geometry": { "type": "Point", "coordinates": [ -118.355288, 33.952807 ] } },
{ "type": "Feature", "properties": { "id": "6029", "STOPNUM": 9939, "STOPNAME": "Florence / Centinela", "LAT": 33.96969, "LONG": -118.347672, "LINE_DIR1": "40-S", "LINE_DIR2": "111-W", "LINE_DIR3": 0, "LINE_DIR4": 0, "LINE_DIR5": 0, "LINE_DIR6": 0, "LINE_DIR7": 0, "LINE_DIR8": 0, "LINE_DIR9": 0, "LINE_DIR10": 0, "LINE_DIR11": 0, "LINE_DIR12": 0, "LINE_DIR13": 0, "LINE_DIR14": 0, "layer_id": "bus_stops", "feature_name": "Bus Stop" }, "geometry": { "type": "Point", "coordinates": [ -118.347672, 33.96969 ] } },
{ "type": "Feature", "properties": { "id": "6037", "STOPNUM": 9956, "STOPNAME": "Florence / Prairie", "LAT": 33.971426, "LONG": -118.343962, "LINE_DIR1": "40-S", "LINE_DIR2": "111-W", "LINE_DIR3": 0, "LINE_DIR4": 0, "LINE_DIR5": 0, "LINE_DIR6": 0, "LINE_DIR7": 0, "LINE_DIR8": 0, "LINE_DIR9": 0, "LINE_DIR10": 0, "LINE_DIR11": 0, "LINE_DIR12": 0, "LINE_DIR13": 0, "LINE_DIR14": 0, "layer_id": "bus_stops", "feature_name": "Bus Stop" }, "geometry": { "type": "Point", "coordinates": [ -118.343962, 33.971426 ] } },
{ "type": "Feature", "properties": { "id": "6070", "STOPNUM": 10033, "STOPNAME": "Hyde Park / Gay", "LAT": 33.979182, "LONG": -118.340702, "LINE_DIR1": "110-W", "LINE_DIR2": null, "LINE_DIR3": 0, "LINE_DIR4": 0, "LINE_DIR5": 0, "LINE_DIR6": 0, "LINE_DIR7": 0, "LINE_DIR8": 0, "LINE_DIR9": 0, "LINE_DIR10": 0, "LINE_DIR11": 0, "LINE_DIR12": 0, "LINE_DIR13": 0, "LINE_DIR14": 0, "layer_id": "bus_stops", "feature_name": "Bus Stop" }, "geometry": { "type": "Point", "coordinates": [ -118.340702, 33.979182 ] } },
{ "type": "Feature", "properties": { "id": "6071", "STOPNUM": 10034, "STOPNAME": "Hyde Park / Long", "LAT": 33.980244, "LONG": -118.338236, "LINE_DIR1": "110-W", "LINE_DIR2": null, "LINE_DIR3": 0, "LINE_DIR4": 0, "LINE_DIR5": 0, "LINE_DIR6": 0, "LINE_DIR7": 0, "LINE_DIR8": 0, "LINE_DIR9": 0, "LINE_DIR10": 0, "LINE_DIR11": 0, "LINE_DIR12": 0, "LINE_DIR13": 0, "LINE_DIR14": 0, "layer_id": "bus_stops", "feature_name": "Bus Stop" }, "geometry": { "type": "Point", "coordinates": [ -118.338236, 33.980244 ] } },
{ "type": "Feature", "properties": { "id": "6072", "STOPNUM": 10035, "STOPNAME": "Hyde Park / Park", "LAT": 33.977467, "LONG": -118.344676, "LINE_DIR1": "110-W", "LINE_DIR2": null, "LINE_DIR3": 0, "LINE_DIR4": 0, "LINE_DIR5": 0, "LINE_DIR6": 0, "LINE_DIR7": 0, "LINE_DIR8": 0, "LINE_DIR9": 0, "LINE_DIR10": 0, "LINE_DIR11": 0, "LINE_DIR12": 0, "LINE_DIR13": 0, "LINE_DIR14": 0, "layer_id": "bus_stops", "feature_name": "Bus Stop" }, "geometry": { "type": "Point", "coordinates": [ -118.344676, 33.977467 ] } },
{ "type": "Feature", "properties": { "id": "6073", "STOPNUM": 10036, "STOPNAME": "Hyde Park / Field", "LAT": 33.976007, "LONG": -118.352401, "LINE_DIR1": "110-W", "LINE_DIR2": null, "LINE_DIR3": 0, "LINE_DIR4": 0, "LINE_DIR5": 0, "LINE_DIR6": 0, "LINE_DIR7": 0, "LINE_DIR8": 0, "LINE_DIR9": 0, "LINE_DIR10": 0, "LINE_DIR11": 0, "LINE_DIR12": 0, "LINE_DIR13": 0, "LINE_DIR14": 0, "layer_id": "bus_stops", "feature_name": "Bus Stop" }, "geometry": { "type": "Point", "coordinates": [ -118.352401, 33.976007 ] } },
{ "type": "Feature", "properties": { "id": "6074", "STOPNUM": 10037, "STOPNAME": "Hyde Park / Hyde Park", "LAT": 33.976041, "LONG": -118.348374, "LINE_DIR1": "110-W", "LINE_DIR2": null, "LINE_DIR3": 0, "LINE_DIR4": 0, "LINE_DIR5": 0, "LINE_DIR6": 0, "LINE_DIR7": 0, "LINE_DIR8": 0, "LINE_DIR9": 0, "LINE_DIR10": 0, "LINE_DIR11": 0, "LINE_DIR12": 0, "LINE_DIR13": 0, "LINE_DIR14": 0, "layer_id": "bus_stops", "feature_name": "Bus Stop" }, "geometry": { "type": "Point", "coordinates": [ -118.348374, 33.976041 ] } },
{ "type": "Feature", "properties": { "id": "6107", "STOPNUM": 10100, "STOPNAME": "Manchester / Spruce", "LAT": 33.960914, "LONG": -118.347282, "LINE_DIR1": "115-W", "LINE_DIR2": "212-N", "LINE_DIR3": 0, "LINE_DIR4": 0, "LINE_DIR5": 0, "LINE_DIR6": 0, "LINE_DIR7": 0, "LINE_DIR8": 0, "LINE_DIR9": 0, "LINE_DIR10": 0, "LINE_DIR11": 0, "LINE_DIR12": 0, "LINE_DIR13": 0, "LINE_DIR14": 0, "layer_id": "bus_stops", "feature_name": "Bus Stop" }, "geometry": { "type": "Point", "coordinates": [ -118.347282, 33.960914 ] } },
{ "type": "Feature", "properties": { "id": "6108", "STOPNUM": 10102, "STOPNAME": "Manchester / Grevillea", "LAT": 33.96188, "LONG": -118.355366, "LINE_DIR1": "211-N", "LINE_DIR2": "115-W", "LINE_DIR3": 0, "LINE_DIR4": 0, "LINE_DIR5": 0, "LINE_DIR6": 0, "LINE_DIR7": 0, "LINE_DIR8": 0, "LINE_DIR9": 0, "LINE_DIR10": 0, "LINE_DIR11": 0, "LINE_DIR12": 0, "LINE_DIR13": 0, "LINE_DIR14": 0, "layer_id": "bus_stops", "feature_name": "Bus Stop" }, "geometry": { "type": "Point", "coordinates": [ -118.355366, 33.96188 ] } },
{ "type": "Feature", "properties": { "id": "6109", "STOPNUM": 10103, "STOPNAME": "Manchester / Hillcrest", "LAT": 33.961931, "LONG": -118.349087, "LINE_DIR1": "115-W", "LINE_DIR2": "212-N", "LINE_DIR3": 0, "LINE_DIR4": 0, "LINE_DIR5": 0, "LINE_DIR6": 0, "LINE_DIR7": 0, "LINE_DIR8": 0, "LINE_DIR9": 0, "LINE_DIR10": 0, "LINE_DIR11": 0, "LINE_DIR12": 0, "LINE_DIR13": 0, "LINE_DIR14": 0, "layer_id": "bus_stops", "feature_name": "Bus Stop" }, "geometry": { "type": "Point", "coordinates": [ -118.349087, 33.961931 ] } },
{ "type": "Feature", "properties": { "id": "6113", "STOPNUM": 10109, "STOPNAME": "Manchester / Briarwood East", "LAT": 33.95986, "LONG": -118.332409, "LINE_DIR1": "115-E", "LINE_DIR2": null, "LINE_DIR3": 0, "LINE_DIR4": 0, "LINE_DIR5": 0, "LINE_DIR6": 0, "LINE_DIR7": 0, "LINE_DIR8": 0, "LINE_DIR9": 0, "LINE_DIR10": 0, "LINE_DIR11": 0, "LINE_DIR12": 0, "LINE_DIR13": 0, "LINE_DIR14": 0, "layer_id": "bus_stops", "feature_name": "Bus Stop" }, "geometry": { "type": "Point", "coordinates": [ -118.332409, 33.95986 ] } },
{ "type": "Feature", "properties": { "id": "6719", "STOPNUM": 11261, "STOPNAME": "La Brea / Arbor Vitae", "LAT": 33.952855, "LONG": -118.352789, "LINE_DIR1": "40-S", "LINE_DIR2": "111-W", "LINE_DIR3": 0, "LINE_DIR4": 0, "LINE_DIR5": 0, "LINE_DIR6": 0, "LINE_DIR7": 0, "LINE_DIR8": 0, "LINE_DIR9": 0, "LINE_DIR10": 0, "LINE_DIR11": 0, "LINE_DIR12": 0, "LINE_DIR13": 0, "LINE_DIR14": 0, "layer_id": "bus_stops", "feature_name": "Bus Stop" }, "geometry": { "type": "Point", "coordinates": [ -118.352789, 33.952855 ] } },
{ "type": "Feature", "properties": { "id": "6840", "STOPNUM": 11449, "STOPNAME": "Prairie / Lennox", "LAT": 33.938356, "LONG": -118.344057, "LINE_DIR1": "211-S", "LINE_DIR2": "212-S", "LINE_DIR3": 0, "LINE_DIR4": 0, "LINE_DIR5": 0, "LINE_DIR6": 0, "LINE_DIR7": 0, "LINE_DIR8": 0, "LINE_DIR9": 0, "LINE_DIR10": 0, "LINE_DIR11": 0, "LINE_DIR12": 0, "LINE_DIR13": 0, "LINE_DIR14": 0, "layer_id": "bus_stops", "feature_name": "Bus Stop" }, "geometry": { "type": "Point", "coordinates": [ -118.344057, 33.938356 ] } },
{ "type": "Feature", "properties": { "id": "6861", "STOPNUM": 11487, "STOPNAME": "Locust / Grace", "LAT": 33.966596, "LONG": -118.350531, "LINE_DIR1": "211-N", "LINE_DIR2": null, "LINE_DIR3": 0, "LINE_DIR4": 0, "LINE_DIR5": 0, "LINE_DIR6": 0, "LINE_DIR7": 0, "LINE_DIR8": 0, "LINE_DIR9": 0, "LINE_DIR10": 0, "LINE_DIR11": 0, "LINE_DIR12": 0, "LINE_DIR13": 0, "LINE_DIR14": 0, "layer_id": "bus_stops", "feature_name": "Bus Stop" }, "geometry": { "type": "Point", "coordinates": [ -118.350531, 33.966596 ] } },
{ "type": "Feature", "properties": { "id": "6913", "STOPNUM": 11616, "STOPNAME": "Manchester / Crenshaw Drive", "LAT": 33.960114, "LONG": -118.331981, "LINE_DIR1": "115-W", "LINE_DIR2": null, "LINE_DIR3": 0, "LINE_DIR4": 0, "LINE_DIR5": 0, "LINE_DIR6": 0, "LINE_DIR7": 0, "LINE_DIR8": 0, "LINE_DIR9": 0, "LINE_DIR10": 0, "LINE_DIR11": 0, "LINE_DIR12": 0, "LINE_DIR13": 0, "LINE_DIR14": 0, "layer_id": "bus_stops", "feature_name": "Bus Stop" }, "geometry": { "type": "Point", "coordinates": [ -118.331981, 33.960114 ] } },
{ "type": "Feature", "properties": { "id": "6914", "STOPNUM": 11617, "STOPNAME": "Manchester / Kareem", "LAT": 33.960107, "LONG": -118.34061, "LINE_DIR1": "115-W", "LINE_DIR2": null, "LINE_DIR3": 0, "LINE_DIR4": 0, "LINE_DIR5": 0, "LINE_DIR6": 0, "LINE_DIR7": 0, "LINE_DIR8": 0, "LINE_DIR9": 0, "LINE_DIR10": 0, "LINE_DIR11": 0, "LINE_DIR12": 0, "LINE_DIR13": 0, "LINE_DIR14": 0, "layer_id": "bus_stops", "feature_name": "Bus Stop" }, "geometry": { "type": "Point", "coordinates": [ -118.34061, 33.960107 ] } },
{ "type": "Feature", "properties": { "id": "6915", "STOPNUM": 11621, "STOPNAME": "Manchester / West", "LAT": 33.960113, "LONG": -118.335457, "LINE_DIR1": "115-W", "LINE_DIR2": null, "LINE_DIR3": 0, "LINE_DIR4": 0, "LINE_DIR5": 0, "LINE_DIR6": 0, "LINE_DIR7": 0, "LINE_DIR8": 0, "LINE_DIR9": 0, "LINE_DIR10": 0, "LINE_DIR11": 0, "LINE_DIR12": 0, "LINE_DIR13": 0, "LINE_DIR14": 0, "layer_id": "bus_stops", "feature_name": "Bus Stop" }, "geometry": { "type": "Point", "coordinates": [ -118.335457, 33.960113 ] } },
{ "type": "Feature", "properties": { "id": "6917", "STOPNUM": 11626, "STOPNAME": "Manchester / Crenshaw", "LAT": 33.960121, "LONG": -118.326266, "LINE_DIR1": "115-W", "LINE_DIR2": null, "LINE_DIR3": 0, "LINE_DIR4": 0, "LINE_DIR5": 0, "LINE_DIR6": 0, "LINE_DIR7": 0, "LINE_DIR8": 0, "LINE_DIR9": 0, "LINE_DIR10": 0, "LINE_DIR11": 0, "LINE_DIR12": 0, "LINE_DIR13": 0, "LINE_DIR14": 0, "layer_id": "bus_stops", "feature_name": "Bus Stop" }, "geometry": { "type": "Point", "coordinates": [ -118.326266, 33.960121 ] } },
{ "type": "Feature", "properties": { "id": "7153", "STOPNUM": 12128, "STOPNAME": "La Brea / Centinela", "LAT": 33.976464, "LONG": -118.357746, "LINE_DIR1": "212-S", "LINE_DIR2": null, "LINE_DIR3": 0, "LINE_DIR4": 0, "LINE_DIR5": 0, "LINE_DIR6": 0, "LINE_DIR7": 0, "LINE_DIR8": 0, "LINE_DIR9": 0, "LINE_DIR10": 0, "LINE_DIR11": 0, "LINE_DIR12": 0, "LINE_DIR13": 0, "LINE_DIR14": 0, "layer_id": "bus_stops", "feature_name": "Bus Stop" }, "geometry": { "type": "Point", "coordinates": [ -118.357746, 33.976464 ] } },
{ "type": "Feature", "properties": { "id": "7160", "STOPNUM": 12138, "STOPNAME": "La Brea / 64th", "LAT": 33.981238, "LONG": -118.358588, "LINE_DIR1": "212-S", "LINE_DIR2": null, "LINE_DIR3": 0, "LINE_DIR4": 0, "LINE_DIR5": 0, "LINE_DIR6": 0, "LINE_DIR7": 0, "LINE_DIR8": 0, "LINE_DIR9": 0, "LINE_DIR10": 0, "LINE_DIR11": 0, "LINE_DIR12": 0, "LINE_DIR13": 0, "LINE_DIR14": 0, "layer_id": "bus_stops", "feature_name": "Bus Stop" }, "geometry": { "type": "Point", "coordinates": [ -118.358588, 33.981238 ] } },
{ "type": "Feature", "properties": { "id": "7161", "STOPNUM": 12139, "STOPNAME": "La Brea / Beach", "LAT": 33.966762, "LONG": -118.353889, "LINE_DIR1": "212-S", "LINE_DIR2": null, "LINE_DIR3": 0, "LINE_DIR4": 0, "LINE_DIR5": 0, "LINE_DIR6": 0, "LINE_DIR7": 0, "LINE_DIR8": 0, "LINE_DIR9": 0, "LINE_DIR10": 0, "LINE_DIR11": 0, "LINE_DIR12": 0, "LINE_DIR13": 0, "LINE_DIR14": 0, "layer_id": "bus_stops", "feature_name": "Bus Stop" }, "geometry": { "type": "Point", "coordinates": [ -118.353889, 33.966762 ] } },
{ "type": "Feature", "properties": { "id": "7162", "STOPNUM": 12141, "STOPNAME": "La Brea / Hazel", "LAT": 33.968935, "LONG": -118.355834, "LINE_DIR1": "212-S", "LINE_DIR2": null, "LINE_DIR3": 0, "LINE_DIR4": 0, "LINE_DIR5": 0, "LINE_DIR6": 0, "LINE_DIR7": 0, "LINE_DIR8": 0, "LINE_DIR9": 0, "LINE_DIR10": 0, "LINE_DIR11": 0, "LINE_DIR12": 0, "LINE_DIR13": 0, "LINE_DIR14": 0, "layer_id": "bus_stops", "feature_name": "Bus Stop" }, "geometry": { "type": "Point", "coordinates": [ -118.355834, 33.968935 ] } },
{ "type": "Feature", "properties": { "id": "7163", "STOPNUM": 12142, "STOPNAME": "La Brea / Hyde Park", "LAT": 33.970994, "LONG": -118.357426, "LINE_DIR1": "212-S", "LINE_DIR2": null, "LINE_DIR3": 0, "LINE_DIR4": 0, "LINE_DIR5": 0, "LINE_DIR6": 0, "LINE_DIR7": 0, "LINE_DIR8": 0, "LINE_DIR9": 0, "LINE_DIR10": 0, "LINE_DIR11": 0, "LINE_DIR12": 0, "LINE_DIR13": 0, "LINE_DIR14": 0, "layer_id": "bus_stops", "feature_name": "Bus Stop" }, "geometry": { "type": "Point", "coordinates": [ -118.357426, 33.970994 ] } },
{ "type": "Feature", "properties": { "id": "7164", "STOPNUM": 12143, "STOPNAME": "La Brea / Plymouth", "LAT": 33.974727, "LONG": -118.357798, "LINE_DIR1": "212-S", "LINE_DIR2": null, "LINE_DIR3": 0, "LINE_DIR4": 0, "LINE_DIR5": 0, "LINE_DIR6": 0, "LINE_DIR7": 0, "LINE_DIR8": 0, "LINE_DIR9": 0, "LINE_DIR10": 0, "LINE_DIR11": 0, "LINE_DIR12": 0, "LINE_DIR13": 0, "LINE_DIR14": 0, "layer_id": "bus_stops", "feature_name": "Bus Stop" }, "geometry": { "type": "Point", "coordinates": [ -118.357798, 33.974727 ] } },
{ "type": "Feature", "properties": { "id": "7183", "STOPNUM": 12180, "STOPNAME": "Locust / Regent", "LAT": 33.964343, "LONG": -118.350317, "LINE_DIR1": "211-S", "LINE_DIR2": null, "LINE_DIR3": 0, "LINE_DIR4": 0, "LINE_DIR5": 0, "LINE_DIR6": 0, "LINE_DIR7": 0, "LINE_DIR8": 0, "LINE_DIR9": 0, "LINE_DIR10": 0, "LINE_DIR11": 0, "LINE_DIR12": 0, "LINE_DIR13": 0, "LINE_DIR14": 0, "layer_id": "bus_stops", "feature_name": "Bus Stop" }, "geometry": { "type": "Point", "coordinates": [ -118.350317, 33.964343 ] } },
{ "type": "Feature", "properties": { "id": "7184", "STOPNUM": 12181, "STOPNAME": "Locust / Grace", "LAT": 33.966596, "LONG": -118.35036, "LINE_DIR1": "211-S", "LINE_DIR2": null, "LINE_DIR3": 0, "LINE_DIR4": 0, "LINE_DIR5": 0, "LINE_DIR6": 0, "LINE_DIR7": 0, "LINE_DIR8": 0, "LINE_DIR9": 0, "LINE_DIR10": 0, "LINE_DIR11": 0, "LINE_DIR12": 0, "LINE_DIR13": 0, "LINE_DIR14": 0, "layer_id": "bus_stops", "feature_name": "Bus Stop" }, "geometry": { "type": "Point", "coordinates": [ -118.35036, 33.966596 ] } },
{ "type": "Feature", "properties": { "id": "7248", "STOPNUM": 12315, "STOPNAME": "Prairie / Regent", "LAT": 33.964691, "LONG": -118.344096, "LINE_DIR1": "211-S", "LINE_DIR2": null, "LINE_DIR3": 0, "LINE_DIR4": 0, "LINE_DIR5": 0, "LINE_DIR6": 0, "LINE_DIR7": 0, "LINE_DIR8": 0, "LINE_DIR9": 0, "LINE_DIR10": 0, "LINE_DIR11": 0, "LINE_DIR12": 0, "LINE_DIR13": 0, "LINE_DIR14": 0, "layer_id": "bus_stops", "feature_name": "Bus Stop" }, "geometry": { "type": "Point", "coordinates": [ -118.344096, 33.964691 ] } },
{ "type": "Feature", "properties": { "id": "7249", "STOPNUM": 12316, "STOPNAME": "Grace / Prairie", "LAT": 33.968568, "LONG": -118.345068, "LINE_DIR1": "211-N", "LINE_DIR2": null, "LINE_DIR3": 0, "LINE_DIR4": 0, "LINE_DIR5": 0, "LINE_DIR6": 0, "LINE_DIR7": 0, "LINE_DIR8": 0, "LINE_DIR9": 0, "LINE_DIR10": 0, "LINE_DIR11": 0, "LINE_DIR12": 0, "LINE_DIR13": 0, "LINE_DIR14": 0, "layer_id": "bus_stops", "feature_name": "Bus Stop" }, "geometry": { "type": "Point", "coordinates": [ -118.345068, 33.968568 ] } },
{ "type": "Feature", "properties": { "id": "7250", "STOPNUM": 12317, "STOPNAME": "Prairie / Howland", "LAT": 33.965559, "LONG": -118.344099, "LINE_DIR1": "211-S", "LINE_DIR2": null, "LINE_DIR3": 0, "LINE_DIR4": 0, "LINE_DIR5": 0, "LINE_DIR6": 0, "LINE_DIR7": 0, "LINE_DIR8": 0, "LINE_DIR9": 0, "LINE_DIR10": 0, "LINE_DIR11": 0, "LINE_DIR12": 0, "LINE_DIR13": 0, "LINE_DIR14": 0, "layer_id": "bus_stops", "feature_name": "Bus Stop" }, "geometry": { "type": "Point", "coordinates": [ -118.344099, 33.965559 ] } },
{ "type": "Feature", "properties": { "id": "7251", "STOPNUM": 12318, "STOPNAME": "Prairie / Manchester", "LAT": 33.96008, "LONG": -118.344093, "LINE_DIR1": "211-S", "LINE_DIR2": null, "LINE_DIR3": 0, "LINE_DIR4": 0, "LINE_DIR5": 0, "LINE_DIR6": 0, "LINE_DIR7": 0, "LINE_DIR8": 0, "LINE_DIR9": 0, "LINE_DIR10": 0, "LINE_DIR11": 0, "LINE_DIR12": 0, "LINE_DIR13": 0, "LINE_DIR14": 0, "layer_id": "bus_stops", "feature_name": "Bus Stop" }, "geometry": { "type": "Point", "coordinates": [ -118.344093, 33.96008 ] } },
{ "type": "Feature", "properties": { "id": "7526", "STOPNUM": 12862, "STOPNAME": "Prairie / Arbor Vitae", "LAT": 33.952455, "LONG": -118.344078, "LINE_DIR1": "212-S", "LINE_DIR2": "211-S", "LINE_DIR3": 0, "LINE_DIR4": 0, "LINE_DIR5": 0, "LINE_DIR6": 0, "LINE_DIR7": 0, "LINE_DIR8": 0, "LINE_DIR9": 0, "LINE_DIR10": 0, "LINE_DIR11": 0, "LINE_DIR12": 0, "LINE_DIR13": 0, "LINE_DIR14": 0, "layer_id": "bus_stops", "feature_name": "Bus Stop" }, "geometry": { "type": "Point", "coordinates": [ -118.344078, 33.952455 ] } },
{ "type": "Feature", "properties": { "id": "7527", "STOPNUM": 12863, "STOPNAME": "Prairie / Hardy", "LAT": 33.949278, "LONG": -118.344075, "LINE_DIR1": "211-S", "LINE_DIR2": "212-S", "LINE_DIR3": 0, "LINE_DIR4": 0, "LINE_DIR5": 0, "LINE_DIR6": 0, "LINE_DIR7": 0, "LINE_DIR8": 0, "LINE_DIR9": 0, "LINE_DIR10": 0, "LINE_DIR11": 0, "LINE_DIR12": 0, "LINE_DIR13": 0, "LINE_DIR14": 0, "layer_id": "bus_stops", "feature_name": "Bus Stop" }, "geometry": { "type": "Point", "coordinates": [ -118.344075, 33.949278 ] } },
{ "type": "Feature", "properties": { "id": "7528", "STOPNUM": 12864, "STOPNAME": "Prairie / Kelso", "LAT": 33.956505, "LONG": -118.344089, "LINE_DIR1": "211-S", "LINE_DIR2": "212-S", "LINE_DIR3": 0, "LINE_DIR4": 0, "LINE_DIR5": 0, "LINE_DIR6": 0, "LINE_DIR7": 0, "LINE_DIR8": 0, "LINE_DIR9": 0, "LINE_DIR10": 0, "LINE_DIR11": 0, "LINE_DIR12": 0, "LINE_DIR13": 0, "LINE_DIR14": 0, "layer_id": "bus_stops", "feature_name": "Bus Stop" }, "geometry": { "type": "Point", "coordinates": [ -118.344089, 33.956505 ] } },
{ "type": "Feature", "properties": { "id": "7529", "STOPNUM": 12866, "STOPNAME": "Prairie / 111th", "LAT": 33.934712, "LONG": -118.344055, "LINE_DIR1": "212-S", "LINE_DIR2": "211-S", "LINE_DIR3": 0, "LINE_DIR4": 0, "LINE_DIR5": 0, "LINE_DIR6": 0, "LINE_DIR7": 0, "LINE_DIR8": 0, "LINE_DIR9": 0, "LINE_DIR10": 0, "LINE_DIR11": 0, "LINE_DIR12": 0, "LINE_DIR13": 0, "LINE_DIR14": 0, "layer_id": "bus_stops", "feature_name": "Bus Stop" }, "geometry": { "type": "Point", "coordinates": [ -118.344055, 33.934712 ] } },
{ "type": "Feature", "properties": { "id": "7840", "STOPNUM": 13367, "STOPNAME": "Crenshaw / 108th", "LAT": 33.93747, "LONG": -118.326636, "LINE_DIR1": "210-S", "LINE_DIR2": null, "LINE_DIR3": 0, "LINE_DIR4": 0, "LINE_DIR5": 0, "LINE_DIR6": 0, "LINE_DIR7": 0, "LINE_DIR8": 0, "LINE_DIR9": 0, "LINE_DIR10": 0, "LINE_DIR11": 0, "LINE_DIR12": 0, "LINE_DIR13": 0, "LINE_DIR14": 0, "layer_id": "bus_stops", "feature_name": "Bus Stop" }, "geometry": { "type": "Point", "coordinates": [ -118.326636, 33.93747 ] } },
{ "type": "Feature", "properties": { "id": "7841", "STOPNUM": 13368, "STOPNAME": "Crenshaw / 116th", "LAT": 33.92877, "LONG": -118.326649, "LINE_DIR1": "209-S", "LINE_DIR2": "210-S", "LINE_DIR3": 0, "LINE_DIR4": 0, "LINE_DIR5": 0, "LINE_DIR6": 0, "LINE_DIR7": 0, "LINE_DIR8": 0, "LINE_DIR9": 0, "LINE_DIR10": 0, "LINE_DIR11": 0, "LINE_DIR12": 0, "LINE_DIR13": 0, "LINE_DIR14": 0, "layer_id": "bus_stops", "feature_name": "Bus Stop" }, "geometry": { "type": "Point", "coordinates": [ -118.326649, 33.92877 ] } },
{ "type": "Feature", "properties": { "id": "7842", "STOPNUM": 13370, "STOPNAME": "Crenshaw / 90th", "LAT": 33.955938, "LONG": -118.326658, "LINE_DIR1": "210-S", "LINE_DIR2": null, "LINE_DIR3": 0, "LINE_DIR4": 0, "LINE_DIR5": 0, "LINE_DIR6": 0, "LINE_DIR7": 0, "LINE_DIR8": 0, "LINE_DIR9": 0, "LINE_DIR10": 0, "LINE_DIR11": 0, "LINE_DIR12": 0, "LINE_DIR13": 0, "LINE_DIR14": 0, "layer_id": "bus_stops", "feature_name": "Bus Stop" }, "geometry": { "type": "Point", "coordinates": [ -118.326658, 33.955938 ] } },
{ "type": "Feature", "properties": { "id": "7843", "STOPNUM": 13371, "STOPNAME": "Crenshaw / Arbor Vitae", "LAT": 33.952077, "LONG": -118.326631, "LINE_DIR1": "210-S", "LINE_DIR2": null, "LINE_DIR3": 0, "LINE_DIR4": 0, "LINE_DIR5": 0, "LINE_DIR6": 0, "LINE_DIR7": 0, "LINE_DIR8": 0, "LINE_DIR9": 0, "LINE_DIR10": 0, "LINE_DIR11": 0, "LINE_DIR12": 0, "LINE_DIR13": 0, "LINE_DIR14": 0, "layer_id": "bus_stops", "feature_name": "Bus Stop" }, "geometry": { "type": "Point", "coordinates": [ -118.326631, 33.952077 ] } },
{ "type": "Feature", "properties": { "id": "7844", "STOPNUM": 13372, "STOPNAME": "Crenshaw / Hardy", "LAT": 33.949258, "LONG": -118.32663, "LINE_DIR1": "210-S", "LINE_DIR2": null, "LINE_DIR3": 0, "LINE_DIR4": 0, "LINE_DIR5": 0, "LINE_DIR6": 0, "LINE_DIR7": 0, "LINE_DIR8": 0, "LINE_DIR9": 0, "LINE_DIR10": 0, "LINE_DIR11": 0, "LINE_DIR12": 0, "LINE_DIR13": 0, "LINE_DIR14": 0, "layer_id": "bus_stops", "feature_name": "Bus Stop" }, "geometry": { "type": "Point", "coordinates": [ -118.32663, 33.949258 ] } },
{ "type": "Feature", "properties": { "id": "7845", "STOPNUM": 13373, "STOPNAME": "Crenshaw / Imperial", "LAT": 33.930636, "LONG": -118.326643, "LINE_DIR1": "209-S", "LINE_DIR2": "210-S", "LINE_DIR3": 0, "LINE_DIR4": 0, "LINE_DIR5": 0, "LINE_DIR6": 0, "LINE_DIR7": 0, "LINE_DIR8": 0, "LINE_DIR9": 0, "LINE_DIR10": 0, "LINE_DIR11": 0, "LINE_DIR12": 0, "LINE_DIR13": 0, "LINE_DIR14": 0, "layer_id": "bus_stops", "feature_name": "Bus Stop" }, "geometry": { "type": "Point", "coordinates": [ -118.326643, 33.930636 ] } },
{ "type": "Feature", "properties": { "id": "7846", "STOPNUM": 13375, "STOPNAME": "Crenshaw / Manchester", "LAT": 33.960167, "LONG": -118.326642, "LINE_DIR1": "210-S", "LINE_DIR2": null, "LINE_DIR3": 0, "LINE_DIR4": 0, "LINE_DIR5": 0, "LINE_DIR6": 0, "LINE_DIR7": 0, "LINE_DIR8": 0, "LINE_DIR9": 0, "LINE_DIR10": 0, "LINE_DIR11": 0, "LINE_DIR12": 0, "LINE_DIR13": 0, "LINE_DIR14": 0, "layer_id": "bus_stops", "feature_name": "Bus Stop" }, "geometry": { "type": "Point", "coordinates": [ -118.326642, 33.960167 ] } },
{ "type": "Feature", "properties": { "id": "7957", "STOPNUM": 13588, "STOPNAME": "Hawthorne / Century", "LAT": 33.945046, "LONG": -118.352795, "LINE_DIR1": "40-S", "LINE_DIR2": null, "LINE_DIR3": 0, "LINE_DIR4": 0, "LINE_DIR5": 0, "LINE_DIR6": 0, "LINE_DIR7": 0, "LINE_DIR8": 0, "LINE_DIR9": 0, "LINE_DIR10": 0, "LINE_DIR11": 0, "LINE_DIR12": 0, "LINE_DIR13": 0, "LINE_DIR14": 0, "layer_id": "bus_stops", "feature_name": "Bus Stop" }, "geometry": { "type": "Point", "coordinates": [ -118.352795, 33.945046 ] } },
{ "type": "Feature", "properties": { "id": "7973", "STOPNUM": 13619, "STOPNAME": "Inglewood / Century", "LAT": 33.945175, "LONG": -118.36117, "LINE_DIR1": "211-S", "LINE_DIR2": null, "LINE_DIR3": 0, "LINE_DIR4": 0, "LINE_DIR5": 0, "LINE_DIR6": 0, "LINE_DIR7": 0, "LINE_DIR8": 0, "LINE_DIR9": 0, "LINE_DIR10": 0, "LINE_DIR11": 0, "LINE_DIR12": 0, "LINE_DIR13": 0, "LINE_DIR14": 0, "layer_id": "bus_stops", "feature_name": "Bus Stop" }, "geometry": { "type": "Point", "coordinates": [ -118.36117, 33.945175 ] } },
{ "type": "Feature", "properties": { "id": "7976", "STOPNUM": 13625, "STOPNAME": "La Brea / Hardy", "LAT": 33.949226, "LONG": -118.3528, "LINE_DIR1": "40-S", "LINE_DIR2": null, "LINE_DIR3": 0, "LINE_DIR4": 0, "LINE_DIR5": 0, "LINE_DIR6": 0, "LINE_DIR7": 0, "LINE_DIR8": 0, "LINE_DIR9": 0, "LINE_DIR10": 0, "LINE_DIR11": 0, "LINE_DIR12": 0, "LINE_DIR13": 0, "LINE_DIR14": 0, "layer_id": "bus_stops", "feature_name": "Bus Stop" }, "geometry": { "type": "Point", "coordinates": [ -118.3528, 33.949226 ] } },
{ "type": "Feature", "properties": { "id": "7981", "STOPNUM": 13639, "STOPNAME": "La Brea / Tamarack", "LAT": 33.954947, "LONG": -118.35255, "LINE_DIR1": "40-S", "LINE_DIR2": "111-W", "LINE_DIR3": 0, "LINE_DIR4": 0, "LINE_DIR5": 0, "LINE_DIR6": 0, "LINE_DIR7": 0, "LINE_DIR8": 0, "LINE_DIR9": 0, "LINE_DIR10": 0, "LINE_DIR11": 0, "LINE_DIR12": 0, "LINE_DIR13": 0, "LINE_DIR14": 0, "layer_id": "bus_stops", "feature_name": "Bus Stop" }, "geometry": { "type": "Point", "coordinates": [ -118.35255, 33.954947 ] } },
{ "type": "Feature", "properties": { "id": "8011", "STOPNUM": 13675, "STOPNAME": "La Tijera / Fairview", "LAT": 33.980042, "LONG": -118.369537, "LINE_DIR1": "102-W", "LINE_DIR2": null, "LINE_DIR3": 0, "LINE_DIR4": 0, "LINE_DIR5": 0, "LINE_DIR6": 0, "LINE_DIR7": 0, "LINE_DIR8": 0, "LINE_DIR9": 0, "LINE_DIR10": 0, "LINE_DIR11": 0, "LINE_DIR12": 0, "LINE_DIR13": 0, "LINE_DIR14": 0, "layer_id": "bus_stops", "feature_name": "Bus Stop" }, "geometry": { "type": "Point", "coordinates": [ -118.369537, 33.980042 ] } },
{ "type": "Feature", "properties": { "id": "8014", "STOPNUM": 13682, "STOPNAME": "Locust / Manchester", "LAT": 33.962019, "LONG": -118.350281, "LINE_DIR1": "211-S", "LINE_DIR2": null, "LINE_DIR3": 0, "LINE_DIR4": 0, "LINE_DIR5": 0, "LINE_DIR6": 0, "LINE_DIR7": 0, "LINE_DIR8": 0, "LINE_DIR9": 0, "LINE_DIR10": 0, "LINE_DIR11": 0, "LINE_DIR12": 0, "LINE_DIR13": 0, "LINE_DIR14": 0, "layer_id": "bus_stops", "feature_name": "Bus Stop" }, "geometry": { "type": "Point", "coordinates": [ -118.350281, 33.962019 ] } },
{ "type": "Feature", "properties": { "id": "8096", "STOPNUM": 13826, "STOPNAME": "Prairie / 104th", "LAT": 33.941562, "LONG": -118.34406, "LINE_DIR1": "212-S", "LINE_DIR2": "211-S", "LINE_DIR3": 0, "LINE_DIR4": 0, "LINE_DIR5": 0, "LINE_DIR6": 0, "LINE_DIR7": 0, "LINE_DIR8": 0, "LINE_DIR9": 0, "LINE_DIR10": 0, "LINE_DIR11": 0, "LINE_DIR12": 0, "LINE_DIR13": 0, "LINE_DIR14": 0, "layer_id": "bus_stops", "feature_name": "Bus Stop" }, "geometry": { "type": "Point", "coordinates": [ -118.34406, 33.941562 ] } },
{ "type": "Feature", "properties": { "id": "8098", "STOPNUM": 13828, "STOPNAME": "Prairie / Century", "LAT": 33.945192, "LONG": -118.344068, "LINE_DIR1": "211-S", "LINE_DIR2": "212-S", "LINE_DIR3": 0, "LINE_DIR4": 0, "LINE_DIR5": 0, "LINE_DIR6": 0, "LINE_DIR7": 0, "LINE_DIR8": 0, "LINE_DIR9": 0, "LINE_DIR10": 0, "LINE_DIR11": 0, "LINE_DIR12": 0, "LINE_DIR13": 0, "LINE_DIR14": 0, "layer_id": "bus_stops", "feature_name": "Bus Stop" }, "geometry": { "type": "Point", "coordinates": [ -118.344068, 33.945192 ] } },
{ "type": "Feature", "properties": { "id": "8182", "STOPNUM": 13987, "STOPNAME": "Van Ness / Cullivan", "LAT": 33.935545, "LONG": -118.317886, "LINE_DIR1": "209-S", "LINE_DIR2": null, "LINE_DIR3": 0, "LINE_DIR4": 0, "LINE_DIR5": 0, "LINE_DIR6": 0, "LINE_DIR7": 0, "LINE_DIR8": 0, "LINE_DIR9": 0, "LINE_DIR10": 0, "LINE_DIR11": 0, "LINE_DIR12": 0, "LINE_DIR13": 0, "LINE_DIR14": 0, "layer_id": "bus_stops", "feature_name": "Bus Stop" }, "geometry": { "type": "Point", "coordinates": [ -118.317886, 33.935545 ] } },
{ "type": "Feature", "properties": { "id": "8185", "STOPNUM": 13990, "STOPNAME": "Van Ness / 104th", "LAT": 33.941991, "LONG": -118.317864, "LINE_DIR1": "209-S", "LINE_DIR2": null, "LINE_DIR3": 0, "LINE_DIR4": 0, "LINE_DIR5": 0, "LINE_DIR6": 0, "LINE_DIR7": 0, "LINE_DIR8": 0, "LINE_DIR9": 0, "LINE_DIR10": 0, "LINE_DIR11": 0, "LINE_DIR12": 0, "LINE_DIR13": 0, "LINE_DIR14": 0, "layer_id": "bus_stops", "feature_name": "Bus Stop" }, "geometry": { "type": "Point", "coordinates": [ -118.317864, 33.941991 ] } },
{ "type": "Feature", "properties": { "id": "8186", "STOPNUM": 13992, "STOPNAME": "Van Ness / 111th", "LAT": 33.933638, "LONG": -118.317885, "LINE_DIR1": "209-S", "LINE_DIR2": null, "LINE_DIR3": 0, "LINE_DIR4": 0, "LINE_DIR5": 0, "LINE_DIR6": 0, "LINE_DIR7": 0, "LINE_DIR8": 0, "LINE_DIR9": 0, "LINE_DIR10": 0, "LINE_DIR11": 0, "LINE_DIR12": 0, "LINE_DIR13": 0, "LINE_DIR14": 0, "layer_id": "bus_stops", "feature_name": "Bus Stop" }, "geometry": { "type": "Point", "coordinates": [ -118.317885, 33.933638 ] } },
{ "type": "Feature", "properties": { "id": "8193", "STOPNUM": 14000, "STOPNAME": "Van Ness / Maitland", "LAT": 33.966947, "LONG": -118.31786, "LINE_DIR1": "209-S", "LINE_DIR2": null, "LINE_DIR3": 0, "LINE_DIR4": 0, "LINE_DIR5": 0, "LINE_DIR6": 0, "LINE_DIR7": 0, "LINE_DIR8": 0, "LINE_DIR9": 0, "LINE_DIR10": 0, "LINE_DIR11": 0, "LINE_DIR12": 0, "LINE_DIR13": 0, "LINE_DIR14": 0, "layer_id": "bus_stops", "feature_name": "Bus Stop" }, "geometry": { "type": "Point", "coordinates": [ -118.31786, 33.966947 ] } },
{ "type": "Feature", "properties": { "id": "8194", "STOPNUM": 14001, "STOPNAME": "Van Ness / 83rd", "LAT": 33.96379, "LONG": -118.317868, "LINE_DIR1": "209-S", "LINE_DIR2": null, "LINE_DIR3": 0, "LINE_DIR4": 0, "LINE_DIR5": 0, "LINE_DIR6": 0, "LINE_DIR7": 0, "LINE_DIR8": 0, "LINE_DIR9": 0, "LINE_DIR10": 0, "LINE_DIR11": 0, "LINE_DIR12": 0, "LINE_DIR13": 0, "LINE_DIR14": 0, "layer_id": "bus_stops", "feature_name": "Bus Stop" }, "geometry": { "type": "Point", "coordinates": [ -118.317868, 33.96379 ] } },
{ "type": "Feature", "properties": { "id": "8195", "STOPNUM": 14002, "STOPNAME": "Van Ness / 90th", "LAT": 33.956497, "LONG": -118.317847, "LINE_DIR1": "209-S", "LINE_DIR2": null, "LINE_DIR3": 0, "LINE_DIR4": 0, "LINE_DIR5": 0, "LINE_DIR6": 0, "LINE_DIR7": 0, "LINE_DIR8": 0, "LINE_DIR9": 0, "LINE_DIR10": 0, "LINE_DIR11": 0, "LINE_DIR12": 0, "LINE_DIR13": 0, "LINE_DIR14": 0, "layer_id": "bus_stops", "feature_name": "Bus Stop" }, "geometry": { "type": "Point", "coordinates": [ -118.317847, 33.956497 ] } },
{ "type": "Feature", "properties": { "id": "8196", "STOPNUM": 14003, "STOPNAME": "Van Ness / Arbor Vitae", "LAT": 33.952895, "LONG": -118.31785, "LINE_DIR1": "209-S", "LINE_DIR2": null, "LINE_DIR3": 0, "LINE_DIR4": 0, "LINE_DIR5": 0, "LINE_DIR6": 0, "LINE_DIR7": 0, "LINE_DIR8": 0, "LINE_DIR9": 0, "LINE_DIR10": 0, "LINE_DIR11": 0, "LINE_DIR12": 0, "LINE_DIR13": 0, "LINE_DIR14": 0, "layer_id": "bus_stops", "feature_name": "Bus Stop" }, "geometry": { "type": "Point", "coordinates": [ -118.31785, 33.952895 ] } },
{ "type": "Feature", "properties": { "id": "8197", "STOPNUM": 14004, "STOPNAME": "Van Ness / Century", "LAT": 33.945198, "LONG": -118.317857, "LINE_DIR1": "209-S", "LINE_DIR2": null, "LINE_DIR3": 0, "LINE_DIR4": 0, "LINE_DIR5": 0, "LINE_DIR6": 0, "LINE_DIR7": 0, "LINE_DIR8": 0, "LINE_DIR9": 0, "LINE_DIR10": 0, "LINE_DIR11": 0, "LINE_DIR12": 0, "LINE_DIR13": 0, "LINE_DIR14": 0, "layer_id": "bus_stops", "feature_name": "Bus Stop" }, "geometry": { "type": "Point", "coordinates": [ -118.317857, 33.945198 ] } },
{ "type": "Feature", "properties": { "id": "8200", "STOPNUM": 14007, "STOPNAME": "Van Ness / 96th", "LAT": 33.949237, "LONG": -118.317849, "LINE_DIR1": "209-S", "LINE_DIR2": null, "LINE_DIR3": 0, "LINE_DIR4": 0, "LINE_DIR5": 0, "LINE_DIR6": 0, "LINE_DIR7": 0, "LINE_DIR8": 0, "LINE_DIR9": 0, "LINE_DIR10": 0, "LINE_DIR11": 0, "LINE_DIR12": 0, "LINE_DIR13": 0, "LINE_DIR14": 0, "layer_id": "bus_stops", "feature_name": "Bus Stop" }, "geometry": { "type": "Point", "coordinates": [ -118.317849, 33.949237 ] } },
{ "type": "Feature", "properties": { "id": "9367", "STOPNUM": 15854, "STOPNAME": "Arbor Vitae / Eucalyptus", "LAT": 33.952768, "LONG": -118.359165, "LINE_DIR1": "111-W", "LINE_DIR2": null, "LINE_DIR3": 0, "LINE_DIR4": 0, "LINE_DIR5": 0, "LINE_DIR6": 0, "LINE_DIR7": 0, "LINE_DIR8": 0, "LINE_DIR9": 0, "LINE_DIR10": 0, "LINE_DIR11": 0, "LINE_DIR12": 0, "LINE_DIR13": 0, "LINE_DIR14": 0, "layer_id": "bus_stops", "feature_name": "Bus Stop" }, "geometry": { "type": "Point", "coordinates": [ -118.359165, 33.952768 ] } },
{ "type": "Feature", "properties": { "id": "9368", "STOPNUM": 15855, "STOPNAME": "Arbor Vitae / Inglewood", "LAT": 33.952797, "LONG": -118.361441, "LINE_DIR1": "111-W", "LINE_DIR2": null, "LINE_DIR3": 0, "LINE_DIR4": 0, "LINE_DIR5": 0, "LINE_DIR6": 0, "LINE_DIR7": 0, "LINE_DIR8": 0, "LINE_DIR9": 0, "LINE_DIR10": 0, "LINE_DIR11": 0, "LINE_DIR12": 0, "LINE_DIR13": 0, "LINE_DIR14": 0, "layer_id": "bus_stops", "feature_name": "Bus Stop" }, "geometry": { "type": "Point", "coordinates": [ -118.361441, 33.952797 ] } },
{ "type": "Feature", "properties": { "id": "9369", "STOPNUM": 15856, "STOPNAME": "Arbor Vitae / La Cienega", "LAT": 33.95274, "LONG": -118.370205, "LINE_DIR1": "111-W", "LINE_DIR2": null, "LINE_DIR3": 0, "LINE_DIR4": 0, "LINE_DIR5": 0, "LINE_DIR6": 0, "LINE_DIR7": 0, "LINE_DIR8": 0, "LINE_DIR9": 0, "LINE_DIR10": 0, "LINE_DIR11": 0, "LINE_DIR12": 0, "LINE_DIR13": 0, "LINE_DIR14": 0, "layer_id": "bus_stops", "feature_name": "Bus Stop" }, "geometry": { "type": "Point", "coordinates": [ -118.370205, 33.95274 ] } },
{ "type": "Feature", "properties": { "id": "9370", "STOPNUM": 15857, "STOPNAME": "Arbor Vitae / Oak", "LAT": 33.952731, "LONG": -118.365819, "LINE_DIR1": "111-W", "LINE_DIR2": null, "LINE_DIR3": 0, "LINE_DIR4": 0, "LINE_DIR5": 0, "LINE_DIR6": 0, "LINE_DIR7": 0, "LINE_DIR8": 0, "LINE_DIR9": 0, "LINE_DIR10": 0, "LINE_DIR11": 0, "LINE_DIR12": 0, "LINE_DIR13": 0, "LINE_DIR14": 0, "layer_id": "bus_stops", "feature_name": "Bus Stop" }, "geometry": { "type": "Point", "coordinates": [ -118.365819, 33.952731 ] } },
{ "type": "Feature", "properties": { "id": "9387", "STOPNUM": 15894, "STOPNAME": "Century / Fir", "LAT": 33.945584, "LONG": -118.35681, "LINE_DIR1": "117-W", "LINE_DIR2": null, "LINE_DIR3": 0, "LINE_DIR4": 0, "LINE_DIR5": 0, "LINE_DIR6": 0, "LINE_DIR7": 0, "LINE_DIR8": 0, "LINE_DIR9": 0, "LINE_DIR10": 0, "LINE_DIR11": 0, "LINE_DIR12": 0, "LINE_DIR13": 0, "LINE_DIR14": 0, "layer_id": "bus_stops", "feature_name": "Bus Stop" }, "geometry": { "type": "Point", "coordinates": [ -118.35681, 33.945584 ] } },
{ "type": "Feature", "properties": { "id": "9390", "STOPNUM": 15898, "STOPNAME": "Century / Crenshaw", "LAT": 33.945606, "LONG": -118.32679, "LINE_DIR1": "117-W", "LINE_DIR2": null, "LINE_DIR3": 0, "LINE_DIR4": 0, "LINE_DIR5": 0, "LINE_DIR6": 0, "LINE_DIR7": 0, "LINE_DIR8": 0, "LINE_DIR9": 0, "LINE_DIR10": 0, "LINE_DIR11": 0, "LINE_DIR12": 0, "LINE_DIR13": 0, "LINE_DIR14": 0, "layer_id": "bus_stops", "feature_name": "Bus Stop" }, "geometry": { "type": "Point", "coordinates": [ -118.32679, 33.945606 ] } },
{ "type": "Feature", "properties": { "id": "9393", "STOPNUM": 15901, "STOPNAME": "Century / 5th", "LAT": 33.945577, "LONG": -118.32194, "LINE_DIR1": "117-W", "LINE_DIR2": null, "LINE_DIR3": 0, "LINE_DIR4": 0, "LINE_DIR5": 0, "LINE_DIR6": 0, "LINE_DIR7": 0, "LINE_DIR8": 0, "LINE_DIR9": 0, "LINE_DIR10": 0, "LINE_DIR11": 0, "LINE_DIR12": 0, "LINE_DIR13": 0, "LINE_DIR14": 0, "layer_id": "bus_stops", "feature_name": "Bus Stop" }, "geometry": { "type": "Point", "coordinates": [ -118.32194, 33.945577 ] } },
{ "type": "Feature", "properties": { "id": "9396", "STOPNUM": 15904, "STOPNAME": "Century / Doty", "LAT": 33.945602, "LONG": -118.34015, "LINE_DIR1": "117-W", "LINE_DIR2": null, "LINE_DIR3": 0, "LINE_DIR4": 0, "LINE_DIR5": 0, "LINE_DIR6": 0, "LINE_DIR7": 0, "LINE_DIR8": 0, "LINE_DIR9": 0, "LINE_DIR10": 0, "LINE_DIR11": 0, "LINE_DIR12": 0, "LINE_DIR13": 0, "LINE_DIR14": 0, "layer_id": "bus_stops", "feature_name": "Bus Stop" }, "geometry": { "type": "Point", "coordinates": [ -118.34015, 33.945602 ] } },
{ "type": "Feature", "properties": { "id": "9397", "STOPNUM": 15905, "STOPNAME": "Century / Felton", "LAT": 33.945573, "LONG": -118.366019, "LINE_DIR1": "117-W", "LINE_DIR2": null, "LINE_DIR3": 0, "LINE_DIR4": 0, "LINE_DIR5": 0, "LINE_DIR6": 0, "LINE_DIR7": 0, "LINE_DIR8": 0, "LINE_DIR9": 0, "LINE_DIR10": 0, "LINE_DIR11": 0, "LINE_DIR12": 0, "LINE_DIR13": 0, "LINE_DIR14": 0, "layer_id": "bus_stops", "feature_name": "Bus Stop" }, "geometry": { "type": "Point", "coordinates": [ -118.366019, 33.945573 ] } },
{ "type": "Feature", "properties": { "id": "9398", "STOPNUM": 15907, "STOPNAME": "Century / Freeman", "LAT": 33.945595, "LONG": -118.348102, "LINE_DIR1": "117-W", "LINE_DIR2": null, "LINE_DIR3": 0, "LINE_DIR4": 0, "LINE_DIR5": 0, "LINE_DIR6": 0, "LINE_DIR7": 0, "LINE_DIR8": 0, "LINE_DIR9": 0, "LINE_DIR10": 0, "LINE_DIR11": 0, "LINE_DIR12": 0, "LINE_DIR13": 0, "LINE_DIR14": 0, "layer_id": "bus_stops", "feature_name": "Bus Stop" }, "geometry": { "type": "Point", "coordinates": [ -118.348102, 33.945595 ] } },
{ "type": "Feature", "properties": { "id": "9400", "STOPNUM": 15909, "STOPNAME": "Century / La Brea", "LAT": 33.945588, "LONG": -118.352445, "LINE_DIR1": "117-W", "LINE_DIR2": null, "LINE_DIR3": 0, "LINE_DIR4": 0, "LINE_DIR5": 0, "LINE_DIR6": 0, "LINE_DIR7": 0, "LINE_DIR8": 0, "LINE_DIR9": 0, "LINE_DIR10": 0, "LINE_DIR11": 0, "LINE_DIR12": 0, "LINE_DIR13": 0, "LINE_DIR14": 0, "layer_id": "bus_stops", "feature_name": "Bus Stop" }, "geometry": { "type": "Point", "coordinates": [ -118.352445, 33.945588 ] } },
{ "type": "Feature", "properties": { "id": "9405", "STOPNUM": 15915, "STOPNAME": "Century / Yukon", "LAT": 33.945609, "LONG": -118.335468, "LINE_DIR1": "117-W", "LINE_DIR2": null, "LINE_DIR3": 0, "LINE_DIR4": 0, "LINE_DIR5": 0, "LINE_DIR6": 0, "LINE_DIR7": 0, "LINE_DIR8": 0, "LINE_DIR9": 0, "LINE_DIR10": 0, "LINE_DIR11": 0, "LINE_DIR12": 0, "LINE_DIR13": 0, "LINE_DIR14": 0, "layer_id": "bus_stops", "feature_name": "Bus Stop" }, "geometry": { "type": "Point", "coordinates": [ -118.335468, 33.945609 ] } },
{ "type": "Feature", "properties": { "id": "9506", "STOPNUM": 16101, "STOPNAME": "Manchester / Isis", "LAT": 33.960038, "LONG": -118.375649, "LINE_DIR1": "115-W", "LINE_DIR2": null, "LINE_DIR3": 0, "LINE_DIR4": 0, "LINE_DIR5": 0, "LINE_DIR6": 0, "LINE_DIR7": 0, "LINE_DIR8": 0, "LINE_DIR9": 0, "LINE_DIR10": 0, "LINE_DIR11": 0, "LINE_DIR12": 0, "LINE_DIR13": 0, "LINE_DIR14": 0, "layer_id": "bus_stops", "feature_name": "Bus Stop" }, "geometry": { "type": "Point", "coordinates": [ -118.375649, 33.960038 ] } },
{ "type": "Feature", "properties": { "id": "9515", "STOPNUM": 16112, "STOPNAME": "Manchester / Florence", "LAT": 33.960037, "LONG": -118.376793, "LINE_DIR1": "115-W", "LINE_DIR2": null, "LINE_DIR3": 0, "LINE_DIR4": 0, "LINE_DIR5": 0, "LINE_DIR6": 0, "LINE_DIR7": 0, "LINE_DIR8": 0, "LINE_DIR9": 0, "LINE_DIR10": 0, "LINE_DIR11": 0, "LINE_DIR12": 0, "LINE_DIR13": 0, "LINE_DIR14": 0, "layer_id": "bus_stops", "feature_name": "Bus Stop" }, "geometry": { "type": "Point", "coordinates": [ -118.376793, 33.960037 ] } },
{ "type": "Feature", "properties": { "id": "9517", "STOPNUM": 16114, "STOPNAME": "Manchester / 11th", "LAT": 33.960118, "LONG": -118.328581, "LINE_DIR1": "115-W", "LINE_DIR2": null, "LINE_DIR3": 0, "LINE_DIR4": 0, "LINE_DIR5": 0, "LINE_DIR6": 0, "LINE_DIR7": 0, "LINE_DIR8": 0, "LINE_DIR9": 0, "LINE_DIR10": 0, "LINE_DIR11": 0, "LINE_DIR12": 0, "LINE_DIR13": 0, "LINE_DIR14": 0, "layer_id": "bus_stops", "feature_name": "Bus Stop" }, "geometry": { "type": "Point", "coordinates": [ -118.328581, 33.960118 ] } },
{ "type": "Feature", "properties": { "id": "9518", "STOPNUM": 16115, "STOPNAME": "Manchester / Prairie", "LAT": 33.959861, "LONG": -118.344759, "LINE_DIR1": "115-W", "LINE_DIR2": "212-N", "LINE_DIR3": 0, "LINE_DIR4": 0, "LINE_DIR5": 0, "LINE_DIR6": 0, "LINE_DIR7": 0, "LINE_DIR8": 0, "LINE_DIR9": 0, "LINE_DIR10": 0, "LINE_DIR11": 0, "LINE_DIR12": 0, "LINE_DIR13": 0, "LINE_DIR14": 0, "layer_id": "bus_stops", "feature_name": "Bus Stop" }, "geometry": { "type": "Point", "coordinates": [ -118.344759, 33.959861 ] } },
{ "type": "Feature", "properties": { "id": "9519", "STOPNUM": 16116, "STOPNAME": "Manchester / 5th", "LAT": 33.960115, "LONG": -118.322454, "LINE_DIR1": "115-W", "LINE_DIR2": null, "LINE_DIR3": 0, "LINE_DIR4": 0, "LINE_DIR5": 0, "LINE_DIR6": 0, "LINE_DIR7": 0, "LINE_DIR8": 0, "LINE_DIR9": 0, "LINE_DIR10": 0, "LINE_DIR11": 0, "LINE_DIR12": 0, "LINE_DIR13": 0, "LINE_DIR14": 0, "layer_id": "bus_stops", "feature_name": "Bus Stop" }, "geometry": { "type": "Point", "coordinates": [ -118.322454, 33.960115 ] } },
{ "type": "Feature", "properties": { "id": "9520", "STOPNUM": 16118, "STOPNAME": "Manchester / Eucalyptus", "LAT": 33.961823, "LONG": -118.359864, "LINE_DIR1": "115-W", "LINE_DIR2": null, "LINE_DIR3": 0, "LINE_DIR4": 0, "LINE_DIR5": 0, "LINE_DIR6": 0, "LINE_DIR7": 0, "LINE_DIR8": 0, "LINE_DIR9": 0, "LINE_DIR10": 0, "LINE_DIR11": 0, "LINE_DIR12": 0, "LINE_DIR13": 0, "LINE_DIR14": 0, "layer_id": "bus_stops", "feature_name": "Bus Stop" }, "geometry": { "type": "Point", "coordinates": [ -118.359864, 33.961823 ] } },
{ "type": "Feature", "properties": { "id": "9521", "STOPNUM": 16120, "STOPNAME": "Manchester / Glasgow", "LAT": 33.96114, "LONG": -118.372151, "LINE_DIR1": "115-W", "LINE_DIR2": null, "LINE_DIR3": 0, "LINE_DIR4": 0, "LINE_DIR5": 0, "LINE_DIR6": 0, "LINE_DIR7": 0, "LINE_DIR8": 0, "LINE_DIR9": 0, "LINE_DIR10": 0, "LINE_DIR11": 0, "LINE_DIR12": 0, "LINE_DIR13": 0, "LINE_DIR14": 0, "layer_id": "bus_stops", "feature_name": "Bus Stop" }, "geometry": { "type": "Point", "coordinates": [ -118.372151, 33.96114 ] } },
{ "type": "Feature", "properties": { "id": "9522", "STOPNUM": 16121, "STOPNAME": "Manchester / Hindry", "LAT": 33.960116, "LONG": -118.3734, "LINE_DIR1": "115-W", "LINE_DIR2": null, "LINE_DIR3": 0, "LINE_DIR4": 0, "LINE_DIR5": 0, "LINE_DIR6": 0, "LINE_DIR7": 0, "LINE_DIR8": 0, "LINE_DIR9": 0, "LINE_DIR10": 0, "LINE_DIR11": 0, "LINE_DIR12": 0, "LINE_DIR13": 0, "LINE_DIR14": 0, "layer_id": "bus_stops", "feature_name": "Bus Stop" }, "geometry": { "type": "Point", "coordinates": [ -118.3734, 33.960116 ] } },
{ "type": "Feature", "properties": { "id": "9523", "STOPNUM": 16122, "STOPNAME": "Manchester / Inglewood", "LAT": 33.961804, "LONG": -118.361529, "LINE_DIR1": "115-W", "LINE_DIR2": null, "LINE_DIR3": 0, "LINE_DIR4": 0, "LINE_DIR5": 0, "LINE_DIR6": 0, "LINE_DIR7": 0, "LINE_DIR8": 0, "LINE_DIR9": 0, "LINE_DIR10": 0, "LINE_DIR11": 0, "LINE_DIR12": 0, "LINE_DIR13": 0, "LINE_DIR14": 0, "layer_id": "bus_stops", "feature_name": "Bus Stop" }, "geometry": { "type": "Point", "coordinates": [ -118.361529, 33.961804 ] } },
{ "type": "Feature", "properties": { "id": "9524", "STOPNUM": 16123, "STOPNAME": "Manchester / La Cienega", "LAT": 33.961731, "LONG": -118.370386, "LINE_DIR1": "115-W", "LINE_DIR2": null, "LINE_DIR3": 0, "LINE_DIR4": 0, "LINE_DIR5": 0, "LINE_DIR6": 0, "LINE_DIR7": 0, "LINE_DIR8": 0, "LINE_DIR9": 0, "LINE_DIR10": 0, "LINE_DIR11": 0, "LINE_DIR12": 0, "LINE_DIR13": 0, "LINE_DIR14": 0, "layer_id": "bus_stops", "feature_name": "Bus Stop" }, "geometry": { "type": "Point", "coordinates": [ -118.370386, 33.961731 ] } },
{ "type": "Feature", "properties": { "id": "9525", "STOPNUM": 16124, "STOPNAME": "Manchester / Oak", "LAT": 33.961758, "LONG": -118.366014, "LINE_DIR1": "115-W", "LINE_DIR2": null, "LINE_DIR3": 0, "LINE_DIR4": 0, "LINE_DIR5": 0, "LINE_DIR6": 0, "LINE_DIR7": 0, "LINE_DIR8": 0, "LINE_DIR9": 0, "LINE_DIR10": 0, "LINE_DIR11": 0, "LINE_DIR12": 0, "LINE_DIR13": 0, "LINE_DIR14": 0, "layer_id": "bus_stops", "feature_name": "Bus Stop" }, "geometry": { "type": "Point", "coordinates": [ -118.366014, 33.961758 ] } },
{ "type": "Feature", "properties": { "id": "11079", "STOPNUM": 28280, "STOPNAME": "Hyde Park / Marlborough", "LAT": 33.9767, "LONG": -118.346467, "LINE_DIR1": "110-W", "LINE_DIR2": null, "LINE_DIR3": 0, "LINE_DIR4": 0, "LINE_DIR5": 0, "LINE_DIR6": 0, "LINE_DIR7": 0, "LINE_DIR8": 0, "LINE_DIR9": 0, "LINE_DIR10": 0, "LINE_DIR11": 0, "LINE_DIR12": 0, "LINE_DIR13": 0, "LINE_DIR14": 0, "layer_id": "bus_stops", "feature_name": "Bus Stop" }, "geometry": { "type": "Point", "coordinates": [ -118.346467, 33.9767 ] } },
{ "type": "Feature", "properties": { "id": "11087", "STOPNUM": 30004, "STOPNAME": "Inglewood Transit Center", "LAT": 33.959841, "LONG": -118.352686, "LINE_DIR1": "111-W", "LINE_DIR2": "111-E", "LINE_DIR3": 0, "LINE_DIR4": 0, "LINE_DIR5": 0, "LINE_DIR6": 0, "LINE_DIR7": 0, "LINE_DIR8": 0, "LINE_DIR9": 0, "LINE_DIR10": 0, "LINE_DIR11": 0, "LINE_DIR12": 0, "LINE_DIR13": 0, "LINE_DIR14": 0, "layer_id": "bus_stops", "feature_name": "Bus Stop" }, "geometry": { "type": "Point", "coordinates": [ -118.352686, 33.959841 ] } },
{ "type": "Feature", "properties": { "id": "11280", "STOPNUM": 140762, "STOPNAME": "Century / Club", "LAT": 33.945352, "LONG": -118.332988, "LINE_DIR1": "117-E", "LINE_DIR2": null, "LINE_DIR3": 0, "LINE_DIR4": 0, "LINE_DIR5": 0, "LINE_DIR6": 0, "LINE_DIR7": 0, "LINE_DIR8": 0, "LINE_DIR9": 0, "LINE_DIR10": 0, "LINE_DIR11": 0, "LINE_DIR12": 0, "LINE_DIR13": 0, "LINE_DIR14": 0, "layer_id": "bus_stops", "feature_name": "Bus Stop" }, "geometry": { "type": "Point", "coordinates": [ -118.332988, 33.945352 ] } },
{ "type": "Feature", "properties": { "id": "11286", "STOPNUM": 140770, "STOPNAME": "Century / Club", "LAT": 33.945612, "LONG": -118.332659, "LINE_DIR1": "117-W", "LINE_DIR2": null, "LINE_DIR3": 0, "LINE_DIR4": 0, "LINE_DIR5": 0, "LINE_DIR6": 0, "LINE_DIR7": 0, "LINE_DIR8": 0, "LINE_DIR9": 0, "LINE_DIR10": 0, "LINE_DIR11": 0, "LINE_DIR12": 0, "LINE_DIR13": 0, "LINE_DIR14": 0, "layer_id": "bus_stops", "feature_name": "Bus Stop" }, "geometry": { "type": "Point", "coordinates": [ -118.332659, 33.945612 ] } },
{ "type": "Feature", "properties": { "id": "11306", "STOPNUM": 140802, "STOPNAME": "Imperial / Ardath", "LAT": 33.931105, "LONG": -118.323737, "LINE_DIR1": "120-W", "LINE_DIR2": "209-S", "LINE_DIR3": 0, "LINE_DIR4": 0, "LINE_DIR5": 0, "LINE_DIR6": 0, "LINE_DIR7": 0, "LINE_DIR8": 0, "LINE_DIR9": 0, "LINE_DIR10": 0, "LINE_DIR11": 0, "LINE_DIR12": 0, "LINE_DIR13": 0, "LINE_DIR14": 0, "layer_id": "bus_stops", "feature_name": "Bus Stop" }, "geometry": { "type": "Point", "coordinates": [ -118.323737, 33.931105 ] } },
{ "type": "Feature", "properties": { "id": "11307", "STOPNUM": 140803, "STOPNAME": "Imperial / Lemoli", "LAT": 33.931101, "LONG": -118.330241, "LINE_DIR1": "120-W", "LINE_DIR2": null, "LINE_DIR3": 0, "LINE_DIR4": 0, "LINE_DIR5": 0, "LINE_DIR6": 0, "LINE_DIR7": 0, "LINE_DIR8": 0, "LINE_DIR9": 0, "LINE_DIR10": 0, "LINE_DIR11": 0, "LINE_DIR12": 0, "LINE_DIR13": 0, "LINE_DIR14": 0, "layer_id": "bus_stops", "feature_name": "Bus Stop" }, "geometry": { "type": "Point", "coordinates": [ -118.330241, 33.931101 ] } },
{ "type": "Feature", "properties": { "id": "11308", "STOPNUM": 140804, "STOPNAME": "Imperial / Yukon", "LAT": 33.931096, "LONG": -118.334985, "LINE_DIR1": "120-W", "LINE_DIR2": null, "LINE_DIR3": 0, "LINE_DIR4": 0, "LINE_DIR5": 0, "LINE_DIR6": 0, "LINE_DIR7": 0, "LINE_DIR8": 0, "LINE_DIR9": 0, "LINE_DIR10": 0, "LINE_DIR11": 0, "LINE_DIR12": 0, "LINE_DIR13": 0, "LINE_DIR14": 0, "layer_id": "bus_stops", "feature_name": "Bus Stop" }, "geometry": { "type": "Point", "coordinates": [ -118.334985, 33.931096 ] } },
{ "type": "Feature", "properties": { "id": "11309", "STOPNUM": 140805, "STOPNAME": "Imperial / Doty", "LAT": 33.93109, "LONG": -118.339188, "LINE_DIR1": "120-W", "LINE_DIR2": null, "LINE_DIR3": 0, "LINE_DIR4": 0, "LINE_DIR5": 0, "LINE_DIR6": 0, "LINE_DIR7": 0, "LINE_DIR8": 0, "LINE_DIR9": 0, "LINE_DIR10": 0, "LINE_DIR11": 0, "LINE_DIR12": 0, "LINE_DIR13": 0, "LINE_DIR14": 0, "layer_id": "bus_stops", "feature_name": "Bus Stop" }, "geometry": { "type": "Point", "coordinates": [ -118.339188, 33.93109 ] } },
{ "type": "Feature", "properties": { "id": "11310", "STOPNUM": 140806, "STOPNAME": "Imperial / Prairie", "LAT": 33.931086, "LONG": -118.34373, "LINE_DIR1": "120-W", "LINE_DIR2": null, "LINE_DIR3": 0, "LINE_DIR4": 0, "LINE_DIR5": 0, "LINE_DIR6": 0, "LINE_DIR7": 0, "LINE_DIR8": 0, "LINE_DIR9": 0, "LINE_DIR10": 0, "LINE_DIR11": 0, "LINE_DIR12": 0, "LINE_DIR13": 0, "LINE_DIR14": 0, "layer_id": "bus_stops", "feature_name": "Bus Stop" }, "geometry": { "type": "Point", "coordinates": [ -118.34373, 33.931086 ] } },
{ "type": "Feature", "properties": { "id": "11350", "STOPNUM": 140937, "STOPNAME": "Imperial / Crenshaw", "LAT": 33.931102, "LONG": -118.326819, "LINE_DIR1": "120-W", "LINE_DIR2": null, "LINE_DIR3": 0, "LINE_DIR4": 0, "LINE_DIR5": 0, "LINE_DIR6": 0, "LINE_DIR7": 0, "LINE_DIR8": 0, "LINE_DIR9": 0, "LINE_DIR10": 0, "LINE_DIR11": 0, "LINE_DIR12": 0, "LINE_DIR13": 0, "LINE_DIR14": 0, "layer_id": "bus_stops", "feature_name": "Bus Stop" }, "geometry": { "type": "Point", "coordinates": [ -118.326819, 33.931102 ] } },
{ "type": "Feature", "properties": { "id": "11370", "STOPNUM": 140974, "STOPNAME": "La Brea / Plymouth", "LAT": 33.974401, "LONG": -118.357487, "LINE_DIR1": "212-N", "LINE_DIR2": null, "LINE_DIR3": 0, "LINE_DIR4": 0, "LINE_DIR5": 0, "LINE_DIR6": 0, "LINE_DIR7": 0, "LINE_DIR8": 0, "LINE_DIR9": 0, "LINE_DIR10": 0, "LINE_DIR11": 0, "LINE_DIR12": 0, "LINE_DIR13": 0, "LINE_DIR14": 0, "layer_id": "bus_stops", "feature_name": "Bus Stop" }, "geometry": { "type": "Point", "coordinates": [ -118.357487, 33.974401 ] } },
{ "type": "Feature", "properties": { "id": "11371", "STOPNUM": 140975, "STOPNAME": "La Brea / Market", "LAT": 33.977922, "LONG": -118.357423, "LINE_DIR1": "212-N", "LINE_DIR2": null, "LINE_DIR3": 0, "LINE_DIR4": 0, "LINE_DIR5": 0, "LINE_DIR6": 0, "LINE_DIR7": 0, "LINE_DIR8": 0, "LINE_DIR9": 0, "LINE_DIR10": 0, "LINE_DIR11": 0, "LINE_DIR12": 0, "LINE_DIR13": 0, "LINE_DIR14": 0, "layer_id": "bus_stops", "feature_name": "Bus Stop" }, "geometry": { "type": "Point", "coordinates": [ -118.357423, 33.977922 ] } },
{ "type": "Feature", "properties": { "id": "11381", "STOPNUM": 141008, "STOPNAME": "Crenshaw / Imperial", "LAT": 33.931181, "LONG": -118.326335, "LINE_DIR1": "210-N", "LINE_DIR2": null, "LINE_DIR3": 0, "LINE_DIR4": 0, "LINE_DIR5": 0, "LINE_DIR6": 0, "LINE_DIR7": 0, "LINE_DIR8": 0, "LINE_DIR9": 0, "LINE_DIR10": 0, "LINE_DIR11": 0, "LINE_DIR12": 0, "LINE_DIR13": 0, "LINE_DIR14": 0, "layer_id": "bus_stops", "feature_name": "Bus Stop" }, "geometry": { "type": "Point", "coordinates": [ -118.326335, 33.931181 ] } },
{ "type": "Feature", "properties": { "id": "11388", "STOPNUM": 141022, "STOPNAME": "Crenshaw / 80th", "LAT": 33.966489, "LONG": -118.331, "LINE_DIR1": "210-S", "LINE_DIR2": null, "LINE_DIR3": 0, "LINE_DIR4": 0, "LINE_DIR5": 0, "LINE_DIR6": 0, "LINE_DIR7": 0, "LINE_DIR8": 0, "LINE_DIR9": 0, "LINE_DIR10": 0, "LINE_DIR11": 0, "LINE_DIR12": 0, "LINE_DIR13": 0, "LINE_DIR14": 0, "layer_id": "bus_stops", "feature_name": "Bus Stop" }, "geometry": { "type": "Point", "coordinates": [ -118.331, 33.966489 ] } },
{ "type": "Feature", "properties": { "id": "11389", "STOPNUM": 141023, "STOPNAME": "Crenshaw / 82nd", "LAT": 33.964141, "LONG": -118.330543, "LINE_DIR1": "210-S", "LINE_DIR2": null, "LINE_DIR3": 0, "LINE_DIR4": 0, "LINE_DIR5": 0, "LINE_DIR6": 0, "LINE_DIR7": 0, "LINE_DIR8": 0, "LINE_DIR9": 0, "LINE_DIR10": 0, "LINE_DIR11": 0, "LINE_DIR12": 0, "LINE_DIR13": 0, "LINE_DIR14": 0, "layer_id": "bus_stops", "feature_name": "Bus Stop" }, "geometry": { "type": "Point", "coordinates": [ -118.330543, 33.964141 ] } },
{ "type": "Feature", "properties": { "id": "11392", "STOPNUM": 141031, "STOPNAME": "Prairie / 104th", "LAT": 33.942113, "LONG": -118.343759, "LINE_DIR1": "211-N", "LINE_DIR2": "212-N", "LINE_DIR3": 0, "LINE_DIR4": 0, "LINE_DIR5": 0, "LINE_DIR6": 0, "LINE_DIR7": 0, "LINE_DIR8": 0, "LINE_DIR9": 0, "LINE_DIR10": 0, "LINE_DIR11": 0, "LINE_DIR12": 0, "LINE_DIR13": 0, "LINE_DIR14": 0, "layer_id": "bus_stops", "feature_name": "Bus Stop" }, "geometry": { "type": "Point", "coordinates": [ -118.343759, 33.942113 ] } },
{ "type": "Feature", "properties": { "id": "11393", "STOPNUM": 141032, "STOPNAME": "Prairie / Hardy", "LAT": 33.949416, "LONG": -118.343773, "LINE_DIR1": "211-N", "LINE_DIR2": "212-N", "LINE_DIR3": 0, "LINE_DIR4": 0, "LINE_DIR5": 0, "LINE_DIR6": 0, "LINE_DIR7": 0, "LINE_DIR8": 0, "LINE_DIR9": 0, "LINE_DIR10": 0, "LINE_DIR11": 0, "LINE_DIR12": 0, "LINE_DIR13": 0, "LINE_DIR14": 0, "layer_id": "bus_stops", "feature_name": "Bus Stop" }, "geometry": { "type": "Point", "coordinates": [ -118.343773, 33.949416 ] } },
{ "type": "Feature", "properties": { "id": "11394", "STOPNUM": 141033, "STOPNAME": "Prairie / Manchester", "LAT": 33.96015, "LONG": -118.343787, "LINE_DIR1": "211-N", "LINE_DIR2": null, "LINE_DIR3": 0, "LINE_DIR4": 0, "LINE_DIR5": 0, "LINE_DIR6": 0, "LINE_DIR7": 0, "LINE_DIR8": 0, "LINE_DIR9": 0, "LINE_DIR10": 0, "LINE_DIR11": 0, "LINE_DIR12": 0, "LINE_DIR13": 0, "LINE_DIR14": 0, "layer_id": "bus_stops", "feature_name": "Bus Stop" }, "geometry": { "type": "Point", "coordinates": [ -118.343787, 33.96015 ] } },
{ "type": "Feature", "properties": { "id": "11395", "STOPNUM": 141034, "STOPNAME": "Locust / Regent", "LAT": 33.964205, "LONG": -118.350488, "LINE_DIR1": "211-N", "LINE_DIR2": null, "LINE_DIR3": 0, "LINE_DIR4": 0, "LINE_DIR5": 0, "LINE_DIR6": 0, "LINE_DIR7": 0, "LINE_DIR8": 0, "LINE_DIR9": 0, "LINE_DIR10": 0, "LINE_DIR11": 0, "LINE_DIR12": 0, "LINE_DIR13": 0, "LINE_DIR14": 0, "layer_id": "bus_stops", "feature_name": "Bus Stop" }, "geometry": { "type": "Point", "coordinates": [ -118.350488, 33.964205 ] } },
{ "type": "Feature", "properties": { "id": "11396", "STOPNUM": 141035, "STOPNAME": "Eucalyptus / Arbor Vitae", "LAT": 33.952838, "LONG": -118.359495, "LINE_DIR1": "211-N", "LINE_DIR2": null, "LINE_DIR3": 0, "LINE_DIR4": 0, "LINE_DIR5": 0, "LINE_DIR6": 0, "LINE_DIR7": 0, "LINE_DIR8": 0, "LINE_DIR9": 0, "LINE_DIR10": 0, "LINE_DIR11": 0, "LINE_DIR12": 0, "LINE_DIR13": 0, "LINE_DIR14": 0, "layer_id": "bus_stops", "feature_name": "Bus Stop" }, "geometry": { "type": "Point", "coordinates": [ -118.359495, 33.952838 ] } },
{ "type": "Feature", "properties": { "id": "11397", "STOPNUM": 141036, "STOPNAME": "Inglewood / Arbor Vitae", "LAT": 33.95253, "LONG": -118.361703, "LINE_DIR1": "211-N", "LINE_DIR2": null, "LINE_DIR3": 0, "LINE_DIR4": 0, "LINE_DIR5": 0, "LINE_DIR6": 0, "LINE_DIR7": 0, "LINE_DIR8": 0, "LINE_DIR9": 0, "LINE_DIR10": 0, "LINE_DIR11": 0, "LINE_DIR12": 0, "LINE_DIR13": 0, "LINE_DIR14": 0, "layer_id": "bus_stops", "feature_name": "Bus Stop" }, "geometry": { "type": "Point", "coordinates": [ -118.361703, 33.95253 ] } },
{ "type": "Feature", "properties": { "id": "11412", "STOPNUM": 141074, "STOPNAME": "Inglewood / Hardy", "LAT": 33.948934, "LONG": -118.36119, "LINE_DIR1": "211-S", "LINE_DIR2": null, "LINE_DIR3": 0, "LINE_DIR4": 0, "LINE_DIR5": 0, "LINE_DIR6": 0, "LINE_DIR7": 0, "LINE_DIR8": 0, "LINE_DIR9": 0, "LINE_DIR10": 0, "LINE_DIR11": 0, "LINE_DIR12": 0, "LINE_DIR13": 0, "LINE_DIR14": 0, "layer_id": "bus_stops", "feature_name": "Bus Stop" }, "geometry": { "type": "Point", "coordinates": [ -118.36119, 33.948934 ] } },
{ "type": "Feature", "properties": { "id": "11413", "STOPNUM": 141075, "STOPNAME": "Eucalyptus / Arbor Vitae", "LAT": 33.952976, "LONG": -118.359328, "LINE_DIR1": "211-S", "LINE_DIR2": null, "LINE_DIR3": 0, "LINE_DIR4": 0, "LINE_DIR5": 0, "LINE_DIR6": 0, "LINE_DIR7": 0, "LINE_DIR8": 0, "LINE_DIR9": 0, "LINE_DIR10": 0, "LINE_DIR11": 0, "LINE_DIR12": 0, "LINE_DIR13": 0, "LINE_DIR14": 0, "layer_id": "bus_stops", "feature_name": "Bus Stop" }, "geometry": { "type": "Point", "coordinates": [ -118.359328, 33.952976 ] } },
{ "type": "Feature", "properties": { "id": "11414", "STOPNUM": 141076, "STOPNAME": "Eucalyptus / Spruce", "LAT": 33.955111, "LONG": -118.35936, "LINE_DIR1": "211-S", "LINE_DIR2": null, "LINE_DIR3": 0, "LINE_DIR4": 0, "LINE_DIR5": 0, "LINE_DIR6": 0, "LINE_DIR7": 0, "LINE_DIR8": 0, "LINE_DIR9": 0, "LINE_DIR10": 0, "LINE_DIR11": 0, "LINE_DIR12": 0, "LINE_DIR13": 0, "LINE_DIR14": 0, "layer_id": "bus_stops", "feature_name": "Bus Stop" }, "geometry": { "type": "Point", "coordinates": [ -118.35936, 33.955111 ] } },
{ "type": "Feature", "properties": { "id": "11415", "STOPNUM": 141077, "STOPNAME": "Eucalyptus / Kelso", "LAT": 33.958667, "LONG": -118.359408, "LINE_DIR1": "211-S", "LINE_DIR2": null, "LINE_DIR3": 0, "LINE_DIR4": 0, "LINE_DIR5": 0, "LINE_DIR6": 0, "LINE_DIR7": 0, "LINE_DIR8": 0, "LINE_DIR9": 0, "LINE_DIR10": 0, "LINE_DIR11": 0, "LINE_DIR12": 0, "LINE_DIR13": 0, "LINE_DIR14": 0, "layer_id": "bus_stops", "feature_name": "Bus Stop" }, "geometry": { "type": "Point", "coordinates": [ -118.359408, 33.958667 ] } },
{ "type": "Feature", "properties": { "id": "11419", "STOPNUM": 141081, "STOPNAME": "Prairie / Grace", "LAT": 33.967343, "LONG": -118.344093, "LINE_DIR1": "211-S", "LINE_DIR2": null, "LINE_DIR3": 0, "LINE_DIR4": 0, "LINE_DIR5": 0, "LINE_DIR6": 0, "LINE_DIR7": 0, "LINE_DIR8": 0, "LINE_DIR9": 0, "LINE_DIR10": 0, "LINE_DIR11": 0, "LINE_DIR12": 0, "LINE_DIR13": 0, "LINE_DIR14": 0, "layer_id": "bus_stops", "feature_name": "Bus Stop" }, "geometry": { "type": "Point", "coordinates": [ -118.344093, 33.967343 ] } },
{ "type": "Feature", "properties": { "id": "11450", "STOPNUM": 142073, "STOPNAME": "La Tijera / 64th", "LAT": 33.981505, "LONG": -118.36736, "LINE_DIR1": "102-E", "LINE_DIR2": null, "LINE_DIR3": 0, "LINE_DIR4": 0, "LINE_DIR5": 0, "LINE_DIR6": 0, "LINE_DIR7": 0, "LINE_DIR8": 0, "LINE_DIR9": 0, "LINE_DIR10": 0, "LINE_DIR11": 0, "LINE_DIR12": 0, "LINE_DIR13": 0, "LINE_DIR14": 0, "layer_id": "bus_stops", "feature_name": "Bus Stop" }, "geometry": { "type": "Point", "coordinates": [ -118.36736, 33.981505 ] } },
{ "type": "Feature", "properties": { "id": "11787", "STOPNUM": 25400151, "STOPNAME": "Crenshaw / Century", "LAT": 33.945893, "LONG": -118.32631, "LINE_DIR1": "210-N", "LINE_DIR2": null, "LINE_DIR3": 0, "LINE_DIR4": 0, "LINE_DIR5": 0, "LINE_DIR6": 0, "LINE_DIR7": 0, "LINE_DIR8": 0, "LINE_DIR9": 0, "LINE_DIR10": 0, "LINE_DIR11": 0, "LINE_DIR12": 0, "LINE_DIR13": 0, "LINE_DIR14": 0, "layer_id": "bus_stops", "feature_name": "Bus Stop" }, "geometry": { "type": "Point", "coordinates": [ -118.32631, 33.945893 ] } },
{ "type": "Feature", "properties": { "id": "11788", "STOPNUM": 25400152, "STOPNAME": "Crenshaw / Manchester", "LAT": 33.960684, "LONG": -118.326344, "LINE_DIR1": "210-N", "LINE_DIR2": null, "LINE_DIR3": 0, "LINE_DIR4": 0, "LINE_DIR5": 0, "LINE_DIR6": 0, "LINE_DIR7": 0, "LINE_DIR8": 0, "LINE_DIR9": 0, "LINE_DIR10": 0, "LINE_DIR11": 0, "LINE_DIR12": 0, "LINE_DIR13": 0, "LINE_DIR14": 0, "layer_id": "bus_stops", "feature_name": "Bus Stop" }, "geometry": { "type": "Point", "coordinates": [ -118.326344, 33.960684 ] } },
{ "type": "Feature", "properties": { "id": "11793", "STOPNUM": 25400168, "STOPNAME": "Hillcrest / Nutwood", "LAT": 33.960582, "LONG": -118.349972, "LINE_DIR1": "212-N", "LINE_DIR2": "212-S", "LINE_DIR3": 0, "LINE_DIR4": 0, "LINE_DIR5": 0, "LINE_DIR6": 0, "LINE_DIR7": 0, "LINE_DIR8": 0, "LINE_DIR9": 0, "LINE_DIR10": 0, "LINE_DIR11": 0, "LINE_DIR12": 0, "LINE_DIR13": 0, "LINE_DIR14": 0, "layer_id": "bus_stops", "feature_name": "Bus Stop" }, "geometry": { "type": "Point", "coordinates": [ -118.349972, 33.960582 ] } },
{ "type": "Feature", "properties": { "id": "11794", "STOPNUM": 25400175, "STOPNAME": "La Brea / Manchester", "LAT": 33.962323, "LONG": -118.353185, "LINE_DIR1": "40-N", "LINE_DIR2": "111-E", "LINE_DIR3": 0, "LINE_DIR4": 0, "LINE_DIR5": 0, "LINE_DIR6": 0, "LINE_DIR7": 0, "LINE_DIR8": 0, "LINE_DIR9": 0, "LINE_DIR10": 0, "LINE_DIR11": 0, "LINE_DIR12": 0, "LINE_DIR13": 0, "LINE_DIR14": 0, "layer_id": "bus_stops", "feature_name": "Bus Stop" }, "geometry": { "type": "Point", "coordinates": [ -118.353185, 33.962323 ] } }
]
}
